budget,runtime,year,release_date,genres,vote_average,popularity,core_actor,actor_avg_age,production_companies,month,profitable,Romance,Science Fiction,Action,Drama,Thriller,Adventure,Mystery,Fantasy,Comedy,Family,Crime,Music,Documentary,History,Horror,Animation,Western,War
72000000.0,83.0,2023.0,2023/12/6,"['Animation', 'Action', 'Adventure', 'Comedy', 'Family']",7.5,853.91,50.0,32.0,[6704],12.0,1.0,0.0,0.0,1.0,0.0,0.0,1.0,0.0,0.0,1.0,1.0,0.0,0.0,0.0,0.0,0.0,1.0,0.0,0.0
125000000.0,117.0,2023.0,2023/12/6,"['Comedy', 'Family', 'Fantasy']",7.193,400.772,120.0,28.0,"[174, 79, 214904, 437, 216687]",12.0,1.0,0.0,0.0,0.0,0.0,0.0,0.0,0.0,1.0,1.0,1.0,0.0,0.0,0.0,0.0,0.0,0.0,0.0,0.0
25000000.0,104.0,2023.0,2023/12/21,"['Romance', 'Comedy']",7.073,375.097,258.0,31.0,"[7291, 105052, 124283, 5]",12.0,1.0,1.0,0.0,0.0,0.0,0.0,0.0,0.0,0.0,1.0,0.0,0.0,0.0,0.0,0.0,0.0,0.0,0.0,0.0
35000000.0,142.0,2023.0,2023/12/7,"['Science Fiction', 'Romance', 'Comedy']",7.809,356.631,89.0,53.0,"[127929, 6705, 22213, 3353, 72597, 138287]",12.0,1.0,1.0,1.0,0.0,0.0,0.0,0.0,0.0,0.0,1.0,0.0,0.0,0.0,0.0,0.0,0.0,0.0,0.0,0.0
205000000.0,124.0,2023.0,2023/12/20,"['Action', 'Adventure', 'Fantasy']",6.793,273.622,92.0,43.0,"[174, 11565, 76907, 128064, 216687]",12.0,1.0,0.0,0.0,1.0,0.0,0.0,1.0,0.0,1.0,0.0,0.0,0.0,0.0,0.0,0.0,0.0,0.0,0.0,0.0
15000000.0,105.0,2023.0,2023/12/15,"['History', 'Drama', 'War']",7.24,164.51,48.0,30.0,"[41077, 6705, 103376, 11240, 27543, 113962]",12.0,1.0,0.0,0.0,0.0,1.0,0.0,0.0,0.0,0.0,0.0,0.0,0.0,0.0,0.0,1.0,0.0,0.0,0.0,1.0
15900000.0,132.0,2023.0,2023/12/21,"['Drama', 'History']",7.614,106.366,84.0,32.0,"[41077, 288, 103376, 112783]",12.0,1.0,0.0,0.0,0.0,1.0,0.0,0.0,0.0,0.0,0.0,0.0,0.0,0.0,0.0,1.0,0.0,0.0,0.0,0.0
95000000.0,131.0,2023.0,2023/12/14,"['History', 'Drama']",6.49,91.069,49.0,24.0,"[675, 122392, 47729, 39734, 207015, 211318]",12.0,0.0,0.0,0.0,0.0,1.0,0.0,0.0,0.0,0.0,0.0,0.0,0.0,0.0,0.0,1.0,0.0,0.0,0.0,0.0
40000000.0,124.0,2023.0,2023/12/25,"['Drama', 'History']",7.366,64.937,42.0,52.0,"[1782, 21, 143790]",12.0,1.0,0.0,0.0,0.0,1.0,0.0,0.0,0.0,0.0,0.0,0.0,0.0,0.0,0.0,1.0,0.0,0.0,0.0,0.0
95000000.0,141.0,2023.0,2023/12/25,['Drama'],6.989,48.661,50.0,71.0,"[174, 3298, 56, 150841, 200643, 216687]",12.0,0.0,0.0,0.0,0.0,1.0,0.0,0.0,0.0,0.0,0.0,0.0,0.0,0.0,0.0,0.0,0.0,0.0,0.0,0.0
16000000.0,98.0,2023.0,2023/12/1,"['Drama', 'Thriller', 'Crime']",6.2,29.628,42.0,32.0,"[1785, 6705, 169332, 181874, 162995]",12.0,0.0,0.0,0.0,0.0,1.0,1.0,0.0,0.0,0.0,0.0,0.0,1.0,0.0,0.0,0.0,0.0,0.0,0.0,0.0
38000000.0,141.0,2023.0,2023/12/8,['Drama'],6.2,22.541,31.0,37.0,"[138297, 191961]",12.0,0.0,0.0,0.0,0.0,1.0,0.0,0.0,0.0,0.0,0.0,0.0,0.0,0.0,0.0,0.0,0.0,0.0,0.0,0.0
10000000.0,101.0,2023.0,2023/12/8,"['Drama', 'Thriller']",5.819,13.692,34.0,23.0,"[92346, 122908, 138743, 288, 184518]",12.0,0.0,0.0,0.0,0.0,1.0,1.0,0.0,0.0,0.0,0.0,0.0,0.0,0.0,0.0,0.0,0.0,0.0,0.0,0.0
15000000.0,170.0,2023.0,2023/12/1,"['Music', 'Documentary']",8.8,13.118,26.0,44.0,[21435],12.0,1.0,0.0,0.0,0.0,0.0,0.0,0.0,0.0,0.0,0.0,0.0,0.0,1.0,1.0,0.0,0.0,0.0,0.0,0.0
340000000.0,142.0,2023.0,2023/5/17,"['Action', 'Crime', 'Thriller']",7.129,358.898,178.0,52.0,"[33, 333, 1225, 34530]",5.0,1.0,0.0,0.0,1.0,0.0,1.0,0.0,0.0,0.0,0.0,0.0,1.0,0.0,0.0,0.0,0.0,0.0,0.0,0.0
100000000.0,140.0,2023.0,2023/5/31,"['Animation', 'Action', 'Adventure', 'Science Fiction']",8.37,230.045,57.0,32.0,"[5, 2251, 77973, 84041, 14439, 7505]",5.0,1.0,0.0,1.0,1.0,0.0,0.0,1.0,0.0,0.0,0.0,0.0,0.0,0.0,0.0,0.0,0.0,1.0,0.0,0.0
250000000.0,150.0,2023.0,2023/5/3,"['Science Fiction', 'Adventure', 'Action', 'Comedy']",7.975,162.828,57.0,47.0,"[420, 176762]",5.0,1.0,0.0,1.0,1.0,0.0,0.0,1.0,0.0,0.0,1.0,0.0,0.0,0.0,0.0,0.0,0.0,0.0,0.0,0.0
297000000.0,135.0,2023.0,2023/5/18,"['Adventure', 'Family', 'Fantasy', 'Romance']",6.389,125.385,47.0,74.0,"[2, 17021, 2527]",5.0,1.0,1.0,0.0,0.0,0.0,0.0,1.0,0.0,1.0,0.0,1.0,0.0,0.0,0.0,0.0,0.0,0.0,0.0,0.0
70000000.0,93.0,2023.0,2023/5/11,"['Mystery', 'Thriller', 'Action', 'Science Fiction']",6.263,71.858,90.0,45.0,"[77863, 52180, 290, 158413]",5.0,0.0,0.0,1.0,1.0,0.0,1.0,0.0,1.0,0.0,0.0,0.0,0.0,0.0,0.0,0.0,0.0,0.0,0.0,0.0
30000000.0,119.0,2023.0,2023/5/25,"['Action', 'Thriller']",6.9,68.947,63.0,28.0,"[3528, 103331, 145428, 154063]",5.0,0.0,0.0,0.0,1.0,0.0,1.0,0.0,0.0,0.0,0.0,0.0,0.0,0.0,0.0,0.0,0.0,0.0,0.0,0.0
41900000.0,99.0,2023.0,2023/5/31,"['Horror', 'Thriller', 'Mystery']",6.456,43.034,38.0,27.0,"[2575, 127928]",5.0,1.0,0.0,0.0,0.0,0.0,1.0,0.0,1.0,0.0,0.0,0.0,0.0,0.0,0.0,0.0,1.0,0.0,0.0,0.0
9000000.0,104.0,2023.0,2023/5/4,"['Romance', 'Drama', 'Comedy']",6.616,23.2,43.0,47.0,"[3287, 3528, 84792]",5.0,1.0,1.0,0.0,0.0,1.0,0.0,0.0,0.0,0.0,1.0,0.0,0.0,0.0,0.0,0.0,0.0,0.0,0.0,0.0
29100000.0,90.0,2023.0,2023/5/25,['Comedy'],6.171,20.371,90.0,59.0,"[1632, 1473]",5.0,0.0,0.0,0.0,0.0,0.0,0.0,0.0,0.0,0.0,1.0,0.0,0.0,0.0,0.0,0.0,0.0,0.0,0.0,0.0
20000000.0,108.0,2023.0,2023/5/11,"['Comedy', 'Romance']",6.4,20.166,75.0,80.0,"[106839, 181874, 197937, 10146, 33]",5.0,1.0,1.0,0.0,0.0,0.0,0.0,0.0,0.0,0.0,1.0,0.0,0.0,0.0,0.0,0.0,0.0,0.0,0.0,0.0
1700000.0,113.0,2023.0,2023/5/12,['Drama'],5.7,7.106,9.0,12.0,"[1583, 119360, 103150, 104129, 36227, 107364, 180885, 25140, 181611, 181612]",5.0,0.0,0.0,0.0,0.0,1.0,0.0,0.0,0.0,0.0,0.0,0.0,0.0,0.0,0.0,0.0,0.0,0.0,0.0,0.0
195000000.0,127.0,2023.0,2023/6/6,"['Action', 'Adventure', 'Science Fiction']",7.3,288.039,28.0,41.0,"[82819, 4, 435, 6734, 114732, 38831, 2598]",6.0,1.0,0.0,1.0,1.0,0.0,0.0,1.0,0.0,0.0,0.0,0.0,0.0,0.0,0.0,0.0,0.0,0.0,0.0,0.0
200000000.0,102.0,2023.0,2023/6/14,"['Animation', 'Comedy', 'Family', 'Fantasy', 'Romance', 'Adventure']",7.656,225.423,19.0,42.0,"[2, 3]",6.0,1.0,1.0,0.0,0.0,0.0,0.0,1.0,0.0,1.0,1.0,1.0,0.0,0.0,0.0,0.0,0.0,1.0,0.0,0.0
220000000.0,144.0,2023.0,2023/6/13,"['Action', 'Adventure', 'Science Fiction']",6.754,209.107,46.0,36.0,"[174, 152809, 170335, 128064]",6.0,1.0,0.0,1.0,1.0,0.0,0.0,1.0,0.0,0.0,0.0,0.0,0.0,0.0,0.0,0.0,0.0,0.0,0.0,0.0
294700000.0,155.0,2023.0,2023/6/28,"['Adventure', 'Action']",6.6,123.532,83.0,60.0,[1],6.0,1.0,0.0,0.0,1.0,0.0,0.0,1.0,0.0,0.0,0.0,0.0,0.0,0.0,0.0,0.0,0.0,0.0,0.0,0.0
70000000.0,91.0,2023.0,2023/6/28,"['Animation', 'Family', 'Fantasy', 'Comedy']",7.293,99.893,40.0,54.0,"[521, 1778, 33]",6.0,0.0,0.0,0.0,0.0,0.0,0.0,0.0,0.0,1.0,1.0,1.0,0.0,0.0,0.0,0.0,0.0,1.0,0.0,0.0
12000000.0,106.0,2023.0,2023/6/2,"['Drama', 'Romance']",7.8,84.971,40.0,41.0,"[41077, 1422, 158407, 128404]",6.0,1.0,1.0,0.0,0.0,1.0,0.0,0.0,0.0,0.0,0.0,0.0,0.0,0.0,0.0,0.0,0.0,0.0,0.0,0.0
45000000.0,104.0,2023.0,2023/6/15,"['Comedy', 'Romance']",6.832,67.4,91.0,33.0,"[117188, 86647, 5, 194285]",6.0,1.0,1.0,0.0,0.0,0.0,0.0,0.0,0.0,0.0,1.0,0.0,0.0,0.0,0.0,0.0,0.0,0.0,0.0,0.0
25000000.0,105.0,2023.0,2023/6/8,"['Comedy', 'Drama']",6.497,52.147,149.0,49.0,"[23449, 9350]",6.0,1.0,0.0,0.0,0.0,1.0,0.0,0.0,0.0,0.0,1.0,0.0,0.0,0.0,0.0,0.0,0.0,0.0,0.0,0.0
20000000.0,95.0,2023.0,2023/6/22,['Comedy'],6.828,33.356,69.0,48.0,"[1632, 16615, 195015]",6.0,0.0,0.0,0.0,0.0,0.0,0.0,0.0,0.0,0.0,1.0,0.0,0.0,0.0,0.0,0.0,0.0,0.0,0.0,0.0
5000000.0,97.0,2023.0,2023/6/15,"['Horror', 'Comedy']",6.043,21.862,23.0,36.0,"[2531, 150758, 106497, 194681, 77061]",6.0,1.0,0.0,0.0,0.0,0.0,0.0,0.0,0.0,0.0,1.0,0.0,0.0,0.0,0.0,0.0,1.0,0.0,0.0,0.0
18000000.0,123.0,2020.0,2020/6/24,"['War', 'Drama', 'History', 'Action']",6.875,29.838,59.0,39.0,"[1020, 105330, 137004]",6.0,0.0,0.0,0.0,1.0,1.0,0.0,0.0,0.0,0.0,0.0,0.0,0.0,0.0,0.0,1.0,0.0,0.0,0.0,1.0
20600000.0,103.0,2020.0,2020/6/26,"['Crime', 'Drama']",5.0,21.102,84.0,51.0,"[13240, 59, 104213, 53152, 2253, 100640, 167333]",6.0,0.0,0.0,0.0,0.0,1.0,0.0,0.0,0.0,0.0,0.0,0.0,1.0,0.0,0.0,0.0,0.0,0.0,0.0,0.0
3000000.0,107.0,2022.0,2022/8/11,['Thriller'],7.204,100.733,29.0,27.0,"[155758, 125401, 154063, 1632]",8.0,1.0,0.0,0.0,0.0,0.0,1.0,0.0,0.0,0.0,0.0,0.0,0.0,0.0,0.0,0.0,0.0,0.0,0.0,0.0
90000000.0,126.0,2022.0,2022/8/3,"['Action', 'Comedy', 'Thriller']",7.476,88.467,85.0,39.0,"[121470, 5]",8.0,1.0,0.0,0.0,1.0,0.0,1.0,0.0,0.0,0.0,1.0,0.0,0.0,0.0,0.0,0.0,0.0,0.0,0.0,0.0
14000000.0,95.0,2022.0,2022/8/24,"['Romance', 'Drama']",6.818,75.556,41.0,35.0,"[6626, 107108, 88606, 158529, 107107]",8.0,1.0,1.0,0.0,0.0,1.0,0.0,0.0,0.0,0.0,0.0,0.0,0.0,0.0,0.0,0.0,0.0,0.0,0.0,0.0
60000000.0,108.0,2022.0,2022/8/24,"['Drama', 'Fantasy', 'Romance']",6.888,44.162,79.0,55.0,"[7493, 142069, 192426, 28382]",8.0,0.0,1.0,0.0,0.0,1.0,0.0,0.0,0.0,1.0,0.0,0.0,0.0,0.0,0.0,0.0,0.0,0.0,0.0,0.0
2000000.0,97.0,2022.0,2022/8/12,"['Crime', 'Drama', 'Thriller']",6.738,40.579,57.0,29.0,"[28286, 168717]",8.0,1.0,0.0,0.0,0.0,1.0,1.0,0.0,0.0,0.0,0.0,0.0,1.0,0.0,0.0,0.0,0.0,0.0,0.0,0.0
10000000.0,105.0,2022.0,2022/8/24,"['Horror', 'Thriller', 'Drama']",6.173,32.88,39.0,44.0,"[3287, 219856]",8.0,1.0,0.0,0.0,0.0,1.0,1.0,0.0,0.0,0.0,0.0,0.0,0.0,0.0,0.0,0.0,1.0,0.0,0.0,0.0
3000000.0,94.0,2022.0,2022/8/5,"['Comedy', 'Horror', 'Mystery']",6.314,26.081,31.0,26.0,"[41077, 158407]",8.0,1.0,0.0,0.0,0.0,0.0,0.0,0.0,1.0,0.0,1.0,0.0,0.0,0.0,0.0,0.0,1.0,0.0,0.0,0.0
17000000.0,96.0,2022.0,2022/8/4,['Comedy'],6.0,16.457,19.0,27.0,"[7, 7294, 118854]",8.0,0.0,0.0,0.0,0.0,0.0,0.0,0.0,0.0,0.0,1.0,0.0,0.0,0.0,0.0,0.0,0.0,0.0,0.0,0.0
129000000.0,116.0,2023.0,2023/8/2,"['Action', 'Science Fiction', 'Horror']",6.583,166.716,178.0,40.0,"[56242, 174, 435, 92484, 208094, 65442]",8.0,1.0,0.0,1.0,1.0,0.0,0.0,0.0,0.0,0.0,0.0,0.0,0.0,0.0,0.0,0.0,1.0,0.0,0.0,0.0
70000000.0,109.0,2023.0,2023/8/30,"['Action', 'Thriller', 'Crime']",7.37,140.424,95.0,43.0,"[5, 10400, 1423, 44967]",8.0,1.0,0.0,0.0,1.0,0.0,1.0,0.0,0.0,0.0,0.0,0.0,1.0,0.0,0.0,0.0,0.0,0.0,0.0,0.0
60000000.0,135.0,2023.0,2023/8/9,"['Adventure', 'Action', 'Drama']",7.858,130.308,59.0,41.0,"[125281, 84792, 5]",8.0,1.0,0.0,0.0,1.0,1.0,0.0,1.0,0.0,0.0,0.0,0.0,0.0,0.0,0.0,0.0,0.0,0.0,0.0,0.0
104000000.0,128.0,2023.0,2023/8/16,"['Action', 'Science Fiction', 'Adventure']",6.805,112.549,22.0,25.0,"[174, 11565, 128064]",8.0,1.0,0.0,1.0,1.0,0.0,0.0,1.0,0.0,0.0,0.0,0.0,0.0,0.0,0.0,0.0,0.0,0.0,0.0,0.0
20000000.0,91.0,2023.0,2023/8/23,['Thriller'],6.752,92.522,102.0,47.0,"[99132, 23513, 106689, 356, 264]",8.0,0.0,0.0,0.0,0.0,0.0,1.0,0.0,0.0,0.0,0.0,0.0,0.0,0.0,0.0,0.0,0.0,0.0,0.0,0.0
46000000.0,93.0,2023.0,2023/8/17,"['Comedy', 'Adventure']",7.372,85.503,57.0,53.0,"[33, 77973, 123244, 162500]",8.0,0.0,0.0,0.0,0.0,0.0,0.0,1.0,0.0,0.0,1.0,0.0,0.0,0.0,0.0,0.0,0.0,0.0,0.0,0.0
45000000.0,119.0,2023.0,2023/8/9,"['Thriller', 'Horror']",6.946,84.767,43.0,42.0,"[11317, 7, 205662, 7294, 264, 206581]",8.0,0.0,0.0,0.0,0.0,0.0,1.0,0.0,0.0,0.0,0.0,0.0,0.0,0.0,0.0,0.0,1.0,0.0,0.0,0.0
11300000.0,91.0,2023.0,2023/8/25,['Comedy'],6.725,43.36,26.0,27.0,"[12365, 41]",8.0,1.0,0.0,0.0,0.0,0.0,0.0,0.0,0.0,0.0,1.0,0.0,0.0,0.0,0.0,0.0,0.0,0.0,0.0,0.0
350000.0,93.0,2023.0,2023/8/30,"['Horror', 'Comedy', 'Thriller']",4.407,31.932,11.0,9.0,"[185040, 46089, 90745, 89748]",8.0,0.0,0.0,0.0,0.0,0.0,1.0,0.0,0.0,0.0,1.0,0.0,0.0,0.0,0.0,0.0,1.0,0.0,0.0,0.0
3000000.0,92.0,2023.0,2023/8/25,"['Comedy', 'Drama']",6.2,12.218,24.0,29.0,"[48745, 117706, 191442]",8.0,0.0,0.0,0.0,0.0,1.0,0.0,0.0,0.0,0.0,1.0,0.0,0.0,0.0,0.0,0.0,0.0,0.0,0.0,0.0
40000000.0,119.0,2021.0,2021/4/22,"['Action', 'Crime', 'Thriller']",7.6,158.674,178.0,53.0,"[14, 2900, 175813, 21]",4.0,1.0,0.0,0.0,1.0,0.0,1.0,0.0,0.0,0.0,0.0,0.0,1.0,0.0,0.0,0.0,0.0,0.0,0.0,0.0
20000000.0,110.0,2021.0,2021/4/7,"['Action', 'Fantasy', 'Adventure']",7.052,78.392,27.0,39.0,"[76907, 8000, 12]",4.0,1.0,0.0,0.0,1.0,0.0,0.0,1.0,0.0,1.0,0.0,0.0,0.0,0.0,0.0,0.0,0.0,0.0,0.0,0.0
20000000.0,108.0,2021.0,2021/4/8,"['Science Fiction', 'Thriller']",5.984,32.459,65.0,32.0,"[148185, 3528]",4.0,0.0,0.0,1.0,0.0,0.0,1.0,0.0,0.0,0.0,0.0,0.0,0.0,0.0,0.0,0.0,0.0,0.0,0.0,0.0
250000.0,78.0,2021.0,2021/4/2,"['Comedy', 'Drama']",7.207,15.799,35.0,31.0,"[123193, 152014, 152015, 152012, 117621, 121140]",4.0,0.0,0.0,0.0,0.0,1.0,0.0,0.0,0.0,0.0,1.0,0.0,0.0,0.0,0.0,0.0,0.0,0.0,0.0,0.0
6750000.0,112.0,2021.0,2021/4/2,"['Drama', 'History']",5.4,5.941,44.0,63.0,"[111792, 111793]",4.0,0.0,0.0,0.0,0.0,1.0,0.0,0.0,0.0,0.0,0.0,0.0,0.0,0.0,0.0,1.0,0.0,0.0,0.0,0.0
20000000.0,101.0,2021.0,2021/4/8,"['Mystery', 'Science Fiction', 'Thriller']",4.4,4.969,10.0,35.0,[148795],4.0,0.0,0.0,1.0,0.0,0.0,1.0,0.0,1.0,0.0,0.0,0.0,0.0,0.0,0.0,0.0,0.0,0.0,0.0,0.0
200000000.0,134.0,2021.0,2021/7/7,"['Action', 'Adventure', 'Science Fiction']",7.26,111.752,149.0,38.0,[420],7.0,1.0,0.0,1.0,1.0,0.0,0.0,1.0,0.0,0.0,0.0,0.0,0.0,0.0,0.0,0.0,0.0,0.0,0.0,0.0
185000000.0,132.0,2021.0,2021/7/28,"['Action', 'Comedy', 'Adventure']",7.529,105.563,96.0,43.0,"[128064, 507, 11565, 174]",7.0,0.0,0.0,0.0,1.0,0.0,0.0,1.0,0.0,0.0,1.0,0.0,0.0,0.0,0.0,0.0,0.0,0.0,0.0,0.0
150000000.0,115.0,2021.0,2021/7/8,"['Family', 'Animation', 'Comedy', 'Science Fiction']",6.8,64.57,50.0,39.0,"[25120, 81170, 148495, 174]",7.0,1.0,0.0,0.0,1.0,0.0,0.0,1.0,0.0,1.0,0.0,0.0,0.0,0.0,0.0,0.0,0.0,0.0,0.0,0.0
200000000.0,127.0,2021.0,2021/7/28,"['Action', 'Adventure', 'Fantasy']",7.388,61.402,89.0,46.0,"[2, 73669, 1302, 34081, 47586]",7.0,1.0,0.0,0.0,0.0,0.0,1.0,0.0,1.0,0.0,0.0,0.0,0.0,0.0,0.0,0.0,1.0,0.0,0.0,0.0
18000000.0,108.0,2021.0,2021/7/21,"['Thriller', 'Mystery', 'Horror']",6.362,49.977,43.0,47.0,"[33, 10338, 12236]",7.0,1.0,0.0,0.0,0.0,1.0,1.0,0.0,0.0,0.0,0.0,0.0,1.0,0.0,0.0,0.0,0.0,0.0,0.0,0.0
20000000.0,139.0,2021.0,2021/7/29,"['Drama', 'Crime', 'Thriller']",6.643,41.071,98.0,42.0,"[6735, 7, 154740, 10039, 123420, 38399]",7.0,0.0,0.0,0.0,0.0,0.0,1.0,0.0,1.0,0.0,0.0,0.0,0.0,0.0,0.0,0.0,1.0,0.0,0.0,0.0
30000000.0,114.0,2021.0,2021/7/14,"['Action', 'Crime', 'Thriller']",6.35,35.517,79.0,46.0,"[264, 104, 10611, 99132, 47729, 106689]",7.0,0.0,0.0,0.0,0.0,1.0,0.0,1.0,0.0,1.0,0.0,0.0,0.0,0.0,0.0,0.0,0.0,0.0,0.0,0.0
15000000.0,88.0,2021.0,2021/7/1,"['Horror', 'Thriller', 'Mystery']",6.567,32.648,36.0,33.0,"[333, 5, 41032]",7.0,1.0,0.0,0.0,1.0,0.0,1.0,0.0,1.0,0.0,0.0,0.0,1.0,0.0,0.0,0.0,0.0,0.0,0.0,0.0
15000000.0,130.0,2021.0,2021/7/29,"['Adventure', 'Drama', 'Fantasy']",6.593,30.039,51.0,39.0,"[41077, 13240, 14634, 114130, 129815, 53152]",7.0,1.0,0.0,0.0,0.0,1.0,0.0,0.0,0.0,1.0,0.0,0.0,0.0,0.0,0.0,0.0,0.0,0.0,0.0,0.0
15000000.0,99.0,2021.0,2021/7/23,"['Crime', 'Mystery', 'Thriller', 'Action']",5.996,22.173,104.0,48.0,"[125066, 121204, 10405, 1632, 85562, 37765]",7.0,0.0,0.0,0.0,0.0,0.0,1.0,0.0,0.0,0.0,0.0,0.0,0.0,0.0,0.0,0.0,0.0,0.0,0.0,0.0
10000000.0,124.0,2021.0,2021/7/15,"['Drama', 'Fantasy']",6.8,19.367,52.0,34.0,"[119377, 551, 212771, 79426, 103292, 168256, 161257, 104363, 113637, 90790]",7.0,0.0,1.0,0.0,1.0,0.0,0.0,0.0,0.0,0.0,1.0,0.0,0.0,0.0,0.0,0.0,0.0,0.0,0.0,0.0
2500000.0,80.0,2021.0,2021/7/30,['Thriller'],5.7,13.706,25.0,47.0,"[155183, 12142, 118155]",7.0,0.0,0.0,1.0,1.0,0.0,0.0,1.0,1.0,0.0,0.0,0.0,0.0,0.0,0.0,0.0,1.0,0.0,0.0,0.0
4000000.0,92.0,2021.0,2021/7/1,"['Action', 'Comedy', 'Romance']",5.5,12.695,92.0,37.0,"[144803, 76629, 1632]",7.0,0.0,1.0,0.0,0.0,1.0,0.0,0.0,0.0,0.0,0.0,0.0,0.0,0.0,0.0,0.0,0.0,0.0,0.0,0.0
67000000.0,94.0,2020.0,2020/4/2,"['Science Fiction', 'Horror', 'Action', 'Mystery', 'Adventure']",6.1,69.91,58.0,28.0,"[127928, 28788, 5219, 7505]",4.0,0.0,0.0,0.0,0.0,0.0,0.0,1.0,0.0,1.0,1.0,1.0,0.0,0.0,0.0,0.0,0.0,1.0,0.0,0.0
21000000.0,107.0,2020.0,2020/4/16,"['Drama', 'Romance']",7.284,20.337,56.0,56.0,"[100460, 73666, 911, 135943, 99962, 135953, 135954]",4.0,0.0,1.0,0.0,0.0,1.0,0.0,0.0,0.0,0.0,1.0,0.0,0.0,0.0,0.0,0.0,0.0,0.0,0.0,0.0
100000000.0,93.0,2023.0,2023/4/5,"['Animation', 'Family', 'Adventure', 'Fantasy', 'Comedy']",7.679,264.319,58.0,40.0,"[33, 6704, 12288]",4.0,1.0,0.0,0.0,0.0,0.0,1.0,0.0,0.0,0.0,0.0,0.0,0.0,0.0,0.0,0.0,1.0,0.0,0.0,0.0
25000000.0,96.0,2023.0,2023/4/4,"['Romance', 'Drama', 'Comedy']",6.7,122.763,33.0,29.0,"[6626, 107108]",4.0,0.0,0.0,0.0,0.0,0.0,1.0,0.0,0.0,0.0,0.0,0.0,0.0,0.0,0.0,0.0,1.0,0.0,0.0,0.0
15000000.0,96.0,2023.0,2023/4/12,"['Horror', 'Thriller']",6.959,100.174,6.0,0.0,"[174, 12, 7893, 467, 768, 129815]",4.0,1.0,0.0,0.0,1.0,0.0,1.0,0.0,0.0,0.0,0.0,0.0,0.0,0.0,0.0,0.0,0.0,0.0,0.0,1.0
18000000.0,103.0,2023.0,2023/4/5,"['Horror', 'Thriller']",7.0,88.558,95.0,41.0,"[3287, 84792, 177896]",4.0,1.0,0.0,0.0,1.0,0.0,0.0,1.0,0.0,1.0,0.0,0.0,0.0,0.0,0.0,0.0,0.0,0.0,0.0,0.0
55000000.0,123.0,2023.0,2023/4/19,"['War', 'Action', 'Thriller']",7.782,83.215,100.0,41.0,"[47729, 2900]",4.0,0.0,0.0,0.0,0.0,1.0,0.0,0.0,0.0,0.0,0.0,0.0,0.0,0.0,0.0,0.0,0.0,0.0,0.0,0.0
60000000.0,113.0,2023.0,2023/4/27,"['Fantasy', 'Action', 'Adventure']",6.453,80.68,54.0,37.0,"[11341, 5542, 7417]",4.0,0.0,0.0,0.0,0.0,0.0,0.0,0.0,0.0,1.0,1.0,0.0,0.0,0.0,0.0,0.0,1.0,0.0,0.0,0.0
80000000.0,111.0,2023.0,2023/4/5,['Drama'],7.357,50.173,98.0,53.0,"[20580, 173807, 551, 187968]",4.0,1.0,0.0,0.0,0.0,0.0,0.0,1.0,0.0,1.0,1.0,0.0,0.0,0.0,0.0,0.0,0.0,0.0,0.0,0.0
65000000.0,93.0,2023.0,2023/4/7,"['Comedy', 'Horror', 'Fantasy']",6.571,46.58,155.0,43.0,"[50032, 33, 197279]",4.0,0.0,0.0,0.0,0.0,0.0,1.0,0.0,0.0,0.0,0.0,0.0,0.0,0.0,0.0,0.0,1.0,0.0,0.0,0.0
35000000.0,179.0,2023.0,2023/4/14,"['Comedy', 'Adventure', 'Fantasy']",6.755,38.693,42.0,60.0,"[41077, 123620, 142269, 103376]",4.0,0.0,0.0,0.0,1.0,0.0,0.0,0.0,0.0,0.0,1.0,0.0,1.0,0.0,0.0,0.0,0.0,0.0,0.0,0.0
3000000.0,98.0,2023.0,2023/4/14,"['Horror', 'Thriller']",6.94,33.053,22.0,56.0,"[3308, 202493]",4.0,1.0,0.0,0.0,0.0,1.0,0.0,0.0,0.0,0.0,0.0,0.0,0.0,0.0,0.0,1.0,0.0,0.0,0.0,0.0
41000000.0,101.0,2023.0,2023/4/13,"['Comedy', 'Crime', 'Action']",6.145,30.022,62.0,47.0,"[151425, 150656, 67285, 290, 9987, 118715]",4.0,0.0,0.0,0.0,0.0,1.0,0.0,0.0,0.0,0.0,0.0,0.0,0.0,1.0,0.0,1.0,0.0,0.0,0.0,0.0
32000000.0,129.0,2023.0,2023/4/27,"['History', 'Drama']",7.63,27.864,15.0,23.0,"[551, 10156]",4.0,0.0,0.0,0.0,1.0,0.0,0.0,0.0,0.0,0.0,1.0,0.0,0.0,0.0,0.0,0.0,0.0,0.0,0.0,0.0
35000000.0,104.0,2023.0,2023/4/20,"['Music', 'Drama', 'History']",6.2,22.604,33.0,30.0,"[127929, 3353, 22213]",4.0,0.0,0.0,0.0,0.0,1.0,0.0,0.0,0.0,0.0,0.0,0.0,1.0,0.0,0.0,1.0,0.0,0.0,0.0,0.0
40000000.0,108.0,2023.0,2023/10/5,"['Action', 'Comedy']",6.577,230.772,73.0,45.0,"[89171, 110799, 23514, 206783, 206784, 9987]",10.0,0.0,0.0,0.0,0.0,0.0,0.0,0.0,0.0,1.0,1.0,1.0,0.0,1.0,0.0,0.0,0.0,1.0,0.0,0.0
200000000.0,206.0,2023.0,2023/10/18,"['Crime', 'History', 'Drama']",7.494,205.74,90.0,55.0,"[194232, 81121, 23243, 562]",10.0,0.0,0.0,0.0,0.0,0.0,0.0,0.0,1.0,0.0,0.0,0.0,0.0,0.0,0.0,0.0,1.0,0.0,0.0,0.0
95000000.0,91.0,2023.0,2023/10/12,"['Animation', 'Family', 'Music', 'Fantasy', 'Comedy']",7.3,177.546,64.0,42.0,"[521, 1778, 33]",10.0,1.0,0.0,0.0,0.0,1.0,0.0,0.0,0.0,0.0,1.0,0.0,0.0,0.0,0.0,0.0,0.0,0.0,0.0,0.0
20000000.0,110.0,2023.0,2023/10/25,"['Horror', 'Mystery']",7.65,168.232,71.0,23.0,"[3172, 211144]",10.0,1.0,0.0,0.0,0.0,0.0,0.0,0.0,0.0,0.0,0.0,0.0,0.0,0.0,0.0,0.0,1.0,0.0,0.0,0.0
13000000.0,133.0,2023.0,2023/10/27,"['Comedy', 'Drama']",7.729,109.141,66.0,38.0,"[14, 2605]",10.0,1.0,1.0,0.0,0.0,1.0,0.0,0.0,0.0,0.0,0.0,0.0,0.0,1.0,0.0,0.0,0.0,0.0,0.0,0.0
30000000.0,111.0,2023.0,2023/10/4,['Horror'],6.005,95.054,19.0,14.0,"[33, 3172, 10210, 20848]",10.0,1.0,0.0,0.0,0.0,1.0,0.0,0.0,0.0,0.0,0.0,0.0,0.0,0.0,0.0,0.0,0.0,0.0,0.0,0.0
20000000.0,110.0,2023.0,2023/10/27,"['Drama', 'Romance', 'Music']",6.954,69.977,54.0,36.0,"[70, 128344, 121813]",10.0,1.0,0.0,0.0,0.0,0.0,0.0,0.0,0.0,0.0,0.0,0.0,0.0,1.0,0.0,0.0,0.0,0.0,0.0,0.0
10000000.0,127.0,2023.0,2023/10/19,['Drama'],8.4,66.003,34.0,20.0,"[105116, 173035, 79714, 210842]",10.0,1.0,0.0,0.0,0.0,0.0,1.0,0.0,0.0,0.0,0.0,0.0,1.0,0.0,0.0,0.0,0.0,0.0,0.0,0.0
15000000.0,169.0,2023.0,2023/10/13,['Music'],8.366,59.355,34.0,11.0,"[69922, 154630]",10.0,1.0,0.0,0.0,0.0,0.0,1.0,0.0,0.0,0.0,1.0,0.0,0.0,0.0,0.0,0.0,0.0,0.0,0.0,0.0
175000000.0,118.0,2023.0,2023/10/25,"['Crime', 'Thriller']",6.587,44.135,58.0,53.0,[178464],10.0,0.0,0.0,0.0,0.0,1.0,0.0,0.0,0.0,0.0,0.0,0.0,0.0,0.0,1.0,0.0,0.0,0.0,0.0,0.0
12000000.0,118.0,2023.0,2023/10/6,"['Thriller', 'Comedy']",5.938,23.94,27.0,28.0,"[694, 175510, 157346, 104363, 81121]",10.0,0.0,0.0,0.0,0.0,0.0,0.0,1.0,0.0,1.0,0.0,1.0,0.0,0.0,0.0,0.0,0.0,1.0,0.0,0.0
40000000.0,106.0,2023.0,2023/10/26,"['Documentary', 'Drama']",7.424,13.021,10.0,46.0,"[143741, 210042]",10.0,0.0,0.0,1.0,1.0,0.0,0.0,1.0,0.0,0.0,0.0,0.0,0.0,0.0,0.0,0.0,0.0,0.0,0.0,0.0
175000000.0,95.0,2023.0,2023/11/13,"['Animation', 'Family', 'Fantasy', 'Adventure']",6.496,412.063,59.0,43.0,"[2, 6125]",11.0,1.0,0.0,1.0,1.0,1.0,0.0,0.0,0.0,0.0,0.0,0.0,0.0,0.0,0.0,0.0,0.0,0.0,0.0,0.0
274800000.0,105.0,2023.0,2023/11/8,"['Science Fiction', 'Adventure', 'Action']",6.184,288.112,58.0,30.0,"[420, 176762]",11.0,0.0,1.0,0.0,0.0,0.0,0.0,0.0,0.0,0.0,0.0,0.0,0.0,0.0,0.0,1.0,0.0,0.0,0.0,1.0
100000000.0,157.0,2023.0,2023/11/15,"['Drama', 'Science Fiction', 'Action']",7.174,246.315,42.0,36.0,"[1632, 5420, 161357]",11.0,1.0,0.0,0.0,0.0,0.0,1.0,0.0,1.0,0.0,0.0,0.0,0.0,0.0,0.0,0.0,1.0,0.0,0.0,0.0
165000000.0,158.0,2023.0,2023/11/22,"['History', 'War', 'Romance']",6.479,236.736,52.0,42.0,"[194232, 221347]",11.0,1.0,0.0,0.0,0.0,0.0,0.0,0.0,0.0,1.0,1.0,0.0,0.0,0.0,0.0,0.0,0.0,0.0,0.0,0.0
15000000.0,106.0,2023.0,2023/11/16,"['Horror', 'Mystery', 'Thriller']",6.6,109.91,64.0,56.0,"[175140, 18142, 143790]",11.0,1.0,0.0,0.0,0.0,1.0,0.0,0.0,0.0,0.0,1.0,0.0,0.0,0.0,0.0,0.0,0.0,0.0,0.0,0.0
10000000.0,102.0,2023.0,2023/11/10,"['Comedy', 'Fantasy']",6.763,90.825,155.0,37.0,"[41077, 123620, 831]",11.0,1.0,0.0,0.0,0.0,1.0,1.0,0.0,0.0,0.0,1.0,0.0,0.0,0.0,0.0,0.0,0.0,0.0,0.0,0.0
20000000.0,117.0,2023.0,2023/11/16,"['Drama', 'Comedy']",6.761,70.75,66.0,25.0,"[77152, 1422, 157532, 87067, 173619]",11.0,0.0,0.0,0.0,0.0,1.0,0.0,0.0,0.0,0.0,1.0,0.0,0.0,0.0,0.0,0.0,0.0,0.0,0.0,0.0
20000000.0,131.0,2023.0,2023/11/16,"['Drama', 'Comedy', 'Thriller']",7.067,70.134,68.0,34.0,"[82968, 2531, 207685]",11.0,1.0,0.0,0.0,0.0,1.0,0.0,0.0,0.0,0.0,1.0,0.0,0.0,0.0,0.0,0.0,0.0,0.0,0.0,0.0
16000000.0,117.0,2023.0,2023/11/10,"['Comedy', 'Drama']",7.3,58.997,54.0,54.0,"[2531, 37871, 787, 221959]",11.0,1.0,0.0,0.0,0.0,1.0,0.0,0.0,0.0,0.0,1.0,0.0,0.0,0.0,0.0,0.0,0.0,0.0,0.0,0.0
8500000.0,121.0,2023.0,2023/11/29,"['Drama', 'Comedy']",7.692,56.045,5.0,0.0,"[83, 92629, 12406, 12407, 177378, 2902, 77552, 77550, 1533, 92187, 11797, 806, 9116, 104, 7131, 1583, 104800, 34515, 202363, 24430]",11.0,1.0,1.0,0.0,0.0,1.0,0.0,0.0,0.0,0.0,0.0,0.0,0.0,1.0,0.0,0.0,0.0,0.0,0.0,0.0
14000000.0,104.0,2023.0,2023/11/16,"['Comedy', 'Drama']",6.455,47.822,55.0,45.0,"[85284, 127929, 22213, 219854, 6510, 30601]",11.0,1.0,0.0,0.0,0.0,1.0,0.0,0.0,0.0,0.0,0.0,1.0,0.0,0.0,0.0,0.0,0.0,0.0,0.0,0.0
80000000.0,129.0,2023.0,2023/11/22,"['Drama', 'Romance', 'Music']",6.42,45.998,73.0,44.0,"[56, 89312, 23243, 201152]",11.0,0.0,1.0,0.0,0.0,0.0,0.0,0.0,0.0,0.0,1.0,0.0,0.0,0.0,0.0,0.0,0.0,0.0,0.0,0.0
6000000.0,99.0,2023.0,2023/11/9,"['Family', 'Drama']",7.638,18.062,73.0,37.0,"[10156, 210994, 133093, 219863]",11.0,1.0,0.0,1.0,0.0,0.0,1.0,0.0,0.0,1.0,0.0,0.0,0.0,0.0,0.0,0.0,0.0,0.0,0.0,0.0
3000000.0,104.0,2023.0,2023/11/2,"['Romance', 'Comedy']",5.3,17.025,37.0,41.0,"[114131, 112520, 8739, 130465]",11.0,1.0,0.0,0.0,1.0,0.0,0.0,0.0,0.0,1.0,1.0,0.0,0.0,0.0,0.0,0.0,0.0,0.0,0.0,0.0
6500000.0,113.0,2023.0,2023/11/30,"['Science Fiction', 'Fantasy', 'Thriller']",5.7,16.215,64.0,35.0,"[119235, 157314, 165435]",11.0,1.0,0.0,0.0,0.0,0.0,1.0,0.0,0.0,0.0,0.0,0.0,0.0,0.0,0.0,0.0,1.0,0.0,0.0,0.0
250000000.0,119.0,2022.0,2022/7/6,"['Fantasy', 'Action', 'Comedy']",6.473,148.298,66.0,44.0,"[420, 176762]",7.0,1.0,1.0,0.0,0.0,1.0,0.0,0.0,1.0,0.0,0.0,0.0,0.0,0.0,0.0,0.0,0.0,0.0,0.0,0.0
10000000.0,99.0,2022.0,2022/7/27,"['Horror', 'Thriller']",6.673,52.933,52.0,38.0,"[1786, 8147, 63576]",7.0,0.0,0.0,0.0,1.0,0.0,1.0,0.0,0.0,0.0,0.0,0.0,0.0,0.0,0.0,0.0,0.0,0.0,0.0,0.0
24000000.0,126.0,2022.0,2022/7/14,"['Drama', 'Mystery', 'Romance']",7.5,52.573,33.0,26.0,"[130405, 105382, 137357]",7.0,1.0,0.0,1.0,1.0,0.0,0.0,0.0,0.0,0.0,1.0,1.0,0.0,0.0,0.0,0.0,0.0,1.0,0.0,0.0
200000000.0,122.0,2022.0,2022/7/13,"['Action', 'Thriller']",7.0,49.809,103.0,40.0,"[106544, 105052]",7.0,0.0,0.0,1.0,0.0,0.0,0.0,0.0,1.0,0.0,0.0,0.0,0.0,0.0,0.0,0.0,1.0,0.0,0.0,0.0
90000000.0,105.0,2022.0,2022/7/27,"['Animation', 'Action', 'Family', 'Comedy', 'Science Fiction']",7.283,49.194,76.0,45.0,"[25120, 9993, 73669, 174]",7.0,1.0,0.0,0.0,1.0,0.0,0.0,1.0,0.0,0.0,1.0,1.0,0.0,0.0,0.0,0.0,0.0,1.0,0.0,0.0
68000000.0,130.0,2022.0,2022/7/20,"['Horror', 'Science Fiction', 'Mystery']",6.863,41.82,52.0,31.0,"[88934, 33, 1778]",7.0,1.0,0.0,0.0,0.0,0.0,0.0,1.0,0.0,1.0,0.0,0.0,0.0,0.0,0.0,0.0,0.0,0.0,0.0,0.0
45000000.0,94.0,2022.0,2022/7/14,"['Animation', 'Action', 'Adventure', 'Comedy', 'Family']",6.7,25.667,88.0,57.0,"[177030, 142311, 127847, 75234, 144803, 150709, 2348, 617, 67732, 178860, 4, 21649]",7.0,0.0,0.0,0.0,1.0,0.0,0.0,1.0,0.0,1.0,0.0,0.0,0.0,0.0,0.0,0.0,0.0,0.0,0.0,0.0
200000000.0,142.0,2022.0,2022/4/6,"['Fantasy', 'Adventure']",6.7,91.669,66.0,41.0,"[174, 437]",4.0,1.0,0.0,0.0,1.0,0.0,1.0,0.0,0.0,0.0,0.0,0.0,1.0,0.0,0.0,0.0,0.0,0.0,0.0,0.0
80000000.0,137.0,2022.0,2022/4/7,"['Action', 'Adventure', 'Fantasy']",7.066,86.06,104.0,53.0,"[10146, 508, 10338, 10104, 123620]",4.0,0.0,0.0,0.0,1.0,0.0,0.0,0.0,0.0,0.0,1.0,0.0,1.0,0.0,0.0,0.0,0.0,0.0,0.0,0.0
30000000.0,114.0,2022.0,2022/4/28,"['Action', 'Thriller', 'Crime']",6.8,54.414,102.0,53.0,"[22146, 173612, 73620, 10427, 191127, 47729]",4.0,0.0,0.0,0.0,0.0,1.0,0.0,0.0,0.0,0.0,0.0,0.0,0.0,0.0,0.0,0.0,0.0,0.0,0.0,0.0
30000000.0,107.0,2022.0,2022/4/20,"['Action', 'Comedy', 'Crime']",6.768,43.995,155.0,51.0,"[831, 128491]",4.0,0.0,1.0,0.0,0.0,1.0,0.0,0.0,1.0,0.0,0.0,0.0,0.0,0.0,0.0,1.0,0.0,0.0,0.0,0.0
4000000.0,124.0,2022.0,2022/4/13,['Drama'],7.159,35.277,106.0,65.0,"[169668, 86077]",4.0,1.0,0.0,0.0,1.0,0.0,1.0,0.0,0.0,0.0,0.0,0.0,0.0,0.0,0.0,0.0,0.0,0.0,0.0,0.0
40000000.0,125.0,2022.0,2022/4/27,"['Drama', 'Romance', 'History', 'Mystery']",7.188,29.477,52.0,59.0,"[6196, 10146, 10338]",4.0,1.0,0.0,0.0,1.0,0.0,1.0,0.0,0.0,0.0,0.0,0.0,1.0,0.0,0.0,0.0,0.0,0.0,0.0,0.0
3000000.0,96.0,2022.0,2022/4/14,"['Action', 'Thriller']",5.4,24.708,68.0,37.0,"[95837, 163946, 6353]",4.0,0.0,0.0,0.0,0.0,0.0,0.0,0.0,1.0,0.0,0.0,0.0,0.0,0.0,0.0,0.0,1.0,0.0,0.0,0.0
22000000.0,87.0,2022.0,2022/4/29,"['Action', 'Thriller', 'Crime']",5.331,23.065,104.0,52.0,"[10405, 3604]",4.0,0.0,0.0,0.0,0.0,1.0,0.0,0.0,0.0,0.0,0.0,0.0,0.0,0.0,0.0,1.0,0.0,0.0,0.0,0.0
2620000.0,109.0,2022.0,2022/4/6,"['Horror', 'Mystery']",5.8,17.666,40.0,52.0,[68201],4.0,0.0,0.0,0.0,0.0,0.0,0.0,1.0,0.0,0.0,1.0,0.0,0.0,0.0,0.0,0.0,0.0,0.0,0.0,0.0
100000000.0,181.0,2023.0,2023/7/19,"['Drama', 'History']",8.108,469.007,98.0,47.0,"[9996, 33, 507]",7.0,1.0,0.0,0.0,1.0,0.0,1.0,0.0,0.0,0.0,0.0,0.0,0.0,0.0,0.0,0.0,0.0,0.0,0.0,0.0
145000000.0,114.0,2023.0,2023/7/19,"['Comedy', 'Adventure']",7.08,310.842,96.0,38.0,"[82968, 437, 181486, 6220, 174]",7.0,1.0,0.0,0.0,0.0,0.0,1.0,0.0,0.0,0.0,0.0,0.0,0.0,0.0,0.0,0.0,1.0,0.0,0.0,0.0
291000000.0,164.0,2023.0,2023/7/8,"['Action', 'Thriller']",7.552,170.774,89.0,55.0,"[4, 82819, 21777]",7.0,1.0,0.0,0.0,1.0,1.0,0.0,0.0,0.0,0.0,0.0,0.0,0.0,0.0,0.0,0.0,0.0,0.0,0.0,0.0
4500000.0,95.0,2023.0,2023/7/26,"['Horror', 'Thriller']",7.177,142.47,9.0,0.0,"[32301, 110175, 7584, 2806, 61922, 5056, 209573]",7.0,1.0,0.0,1.0,1.0,0.0,0.0,0.0,0.0,0.0,1.0,0.0,0.0,0.0,0.0,0.0,0.0,1.0,0.0,0.0
14500000.0,131.0,2023.0,2023/7/3,"['Action', 'Drama']",8.033,110.257,74.0,56.0,[90508],7.0,1.0,0.0,0.0,0.0,0.0,1.0,0.0,1.0,0.0,0.0,0.0,0.0,0.0,0.0,0.0,1.0,0.0,0.0,0.0
75000000.0,100.0,2023.0,2023/7/31,"['Animation', 'Comedy', 'Action', 'Science Fiction']",7.266,96.391,15.0,18.0,"[4, 2348, 16615, 75234, 199314]",7.0,1.0,0.0,0.0,0.0,0.0,0.0,0.0,0.0,1.0,1.0,1.0,0.0,0.0,0.0,0.0,1.0,0.0,0.0,0.0
16000000.0,107.0,2023.0,2023/7/5,"['Horror', 'Mystery', 'Thriller']",6.7,67.364,81.0,38.0,"[3172, 11341, 3287, 206395, 21223]",7.0,1.0,0.0,0.0,0.0,0.0,0.0,0.0,0.0,0.0,1.0,0.0,0.0,0.0,0.0,0.0,0.0,0.0,0.0,0.0
157800000.0,123.0,2023.0,2023/7/26,"['Fantasy', 'Comedy', 'Horror', 'Family']",6.54,55.107,64.0,43.0,"[2, 118854]",7.0,0.0,0.0,1.0,1.0,0.0,0.0,1.0,0.0,0.0,0.0,0.0,0.0,0.0,0.0,0.0,0.0,0.0,0.0,0.0
5000000.0,93.0,2023.0,2023/7/13,['Comedy'],6.674,23.633,23.0,29.0,"[77152, 99366, 123244]",7.0,0.0,0.0,0.0,0.0,0.0,1.0,0.0,0.0,0.0,1.0,0.0,1.0,0.0,0.0,0.0,0.0,0.0,0.0,0.0
200000000.0,125.0,2023.0,2023/2/15,"['Action', 'Adventure', 'Science Fiction']",6.353,88.052,71.0,59.0,"[420, 176762]",2.0,1.0,0.0,0.0,0.0,0.0,1.0,0.0,1.0,0.0,0.0,0.0,0.0,0.0,0.0,0.0,1.0,0.0,0.0,0.0
32500000.0,95.0,2023.0,2023/2/22,"['Thriller', 'Comedy', 'Crime']",6.097,68.724,56.0,38.0,"[33, 12365, 77973, 118800]",2.0,1.0,0.0,0.0,0.0,1.0,0.0,0.0,0.0,0.0,1.0,0.0,0.0,0.0,0.0,1.0,0.0,0.0,0.0,0.0
20000000.0,100.0,2023.0,2023/2/1,"['Thriller', 'Mystery', 'Horror']",6.31,51.561,44.0,44.0,"[12236, 33, 7493, 152785, 1778]",2.0,1.0,0.0,0.0,0.0,0.0,1.0,0.0,1.0,0.0,0.0,0.0,1.0,0.0,0.0,0.0,0.0,0.0,0.0,0.0
5000000.0,119.0,2023.0,2023/2/13,"['Drama', 'Comedy', 'History']",7.196,40.116,33.0,42.0,"[72063, 164, 142269, 12113]",2.0,0.0,1.0,0.0,0.0,1.0,0.0,0.0,0.0,0.0,1.0,0.0,0.0,0.0,0.0,0.0,0.0,0.0,0.0,0.0
20000000.0,109.0,2023.0,2023/2/15,"['Mystery', 'Thriller', 'Crime']",5.793,35.528,102.0,64.0,"[5122, 128586, 110723, 129701, 342, 125584, 115145, 52738, 190407, 191127, 1898, 128279]",2.0,0.0,0.0,0.0,0.0,1.0,0.0,0.0,0.0,0.0,1.0,0.0,0.0,0.0,0.0,0.0,0.0,0.0,0.0,0.0
45000000.0,112.0,2023.0,2023/2/9,"['Comedy', 'Drama', 'Romance']",6.701,30.693,65.0,54.0,"[174, 8073, 57743]",2.0,1.0,0.0,0.0,0.0,1.0,0.0,0.0,0.0,0.0,0.0,0.0,0.0,0.0,0.0,1.0,0.0,0.0,0.0,0.0
28000000.0,98.0,2023.0,2023/2/3,"['Comedy', 'Drama']",6.5,26.444,40.0,87.0,"[156448, 118408, 181874, 4384, 4]",2.0,1.0,0.0,0.0,0.0,0.0,1.0,0.0,1.0,0.0,0.0,0.0,0.0,0.0,0.0,0.0,1.0,0.0,0.0,0.0
15000000.0,120.0,2023.0,2023/2/23,"['Drama', 'History']",6.7,22.277,28.0,43.0,"[1632, 144002]",2.0,1.0,0.0,0.0,1.0,0.0,1.0,0.0,0.0,0.0,0.0,0.0,0.0,0.0,0.0,0.0,0.0,0.0,0.0,0.0
24000000.0,114.0,2022.0,2022/1/12,"['Horror', 'Mystery', 'Thriller']",6.674,95.493,50.0,53.0,"[4, 130448, 126588, 143790]",1.0,1.0,0.0,1.0,0.0,0.0,0.0,0.0,0.0,0.0,0.0,0.0,0.0,0.0,0.0,0.0,1.0,0.0,0.0,0.0
75000000.0,122.0,2022.0,2022/1/5,"['Action', 'Thriller']",6.1,53.0,85.0,46.0,"[83210, 28788, 7493, 33, 193675, 310, 171888, 199951, 8881]",1.0,0.0,0.0,0.0,0.0,0.0,1.0,0.0,1.0,0.0,0.0,0.0,0.0,0.0,0.0,0.0,1.0,0.0,0.0,0.0
30000000.0,134.0,2022.0,2022/1/21,"['Romance', 'Drama', 'Western']",7.856,50.309,43.0,25.0,"[54927, 79287, 157314, 225226]",1.0,0.0,0.0,0.0,1.0,0.0,1.0,1.0,0.0,0.0,0.0,0.0,0.0,0.0,0.0,0.0,0.0,0.0,0.0,0.0
6000000.0,98.0,2022.0,2022/1/6,"['Science Fiction', 'Horror']",5.8,38.516,7.0,37.0,[188974],1.0,0.0,0.0,0.0,0.0,0.0,0.0,1.0,0.0,1.0,0.0,1.0,0.0,0.0,0.0,0.0,0.0,0.0,0.0,0.0
8500000.0,89.0,2022.0,2022/1/28,"['Horror', 'Mystery', 'Thriller']",4.9,32.543,41.0,59.0,"[100121, 89269, 76992]",1.0,0.0,0.0,0.0,1.0,0.0,1.0,1.0,0.0,0.0,1.0,0.0,0.0,0.0,0.0,0.0,0.0,0.0,0.0,0.0
6500000.0,97.0,2022.0,2022/1/13,"['Action', 'Adventure', 'Thriller']",6.2,27.707,72.0,48.0,"[125583, 143279, 7584, 74346, 2806]",1.0,0.0,0.0,0.0,1.0,0.0,0.0,0.0,0.0,0.0,0.0,0.0,0.0,0.0,0.0,0.0,0.0,0.0,0.0,0.0
40500000.0,94.0,2022.0,2022/1/21,"['Fantasy', 'Adventure', 'Family']",7.1,21.696,72.0,58.0,"[171888, 3235, 94431, 8186, 69756, 290, 44632, 31540, 191183]",1.0,0.0,0.0,1.0,0.0,0.0,0.0,0.0,0.0,0.0,0.0,0.0,0.0,0.0,0.0,0.0,1.0,0.0,0.0,0.0
50000000.0,114.0,2023.0,2023/1/4,"['Action', 'Thriller', 'Comedy', 'Adventure']",6.5,69.606,178.0,52.0,"[14, 47729, 2900, 73204]",1.0,0.0,0.0,0.0,0.0,1.0,1.0,0.0,1.0,0.0,0.0,0.0,0.0,0.0,0.0,0.0,0.0,0.0,0.0,0.0
25000000.0,107.0,2023.0,2023/1/12,['Action'],7.0,66.69,63.0,54.0,"[73492, 435, 103331, 149107, 76314]",1.0,1.0,1.0,0.0,0.0,1.0,0.0,0.0,0.0,0.0,1.0,0.0,0.0,0.0,0.0,0.0,0.0,0.0,0.0,0.0
4500000.0,118.0,2023.0,2023/1/27,"['Horror', 'Science Fiction']",6.1,48.081,50.0,37.0,"[99366, 82552, 51614, 119153, 860, 90733, 806, 850]",1.0,1.0,0.0,1.0,1.0,0.0,1.0,0.0,0.0,1.0,0.0,0.0,0.0,0.0,0.0,0.0,0.0,0.0,0.0,0.0
7000000.0,111.0,2023.0,2023/1/19,"['Thriller', 'Mystery', 'Drama']",7.47,35.682,35.0,36.0,"[11341, 146929, 109501, 3287]",1.0,1.0,0.0,0.0,1.0,0.0,1.0,0.0,0.0,0.0,0.0,0.0,1.0,0.0,0.0,0.0,0.0,0.0,0.0,0.0
7500000.0,95.0,2023.0,2023/1/27,"['Comedy', 'Romance', 'Drama']",5.545,30.187,75.0,75.0,"[181874, 88606, 17929]",1.0,0.0,0.0,0.0,1.0,0.0,1.0,1.0,0.0,0.0,0.0,0.0,0.0,0.0,0.0,0.0,0.0,0.0,0.0,0.0
10000000.0,115.0,2023.0,2023/1/26,"['Science Fiction', 'Action', 'Thriller', 'Fantasy']",4.8,19.475,2.0,0.0,"[180043, 180044, 183997, 3226, 140096]",1.0,0.0,0.0,1.0,1.0,1.0,0.0,1.0,0.0,0.0,1.0,1.0,0.0,0.0,0.0,0.0,0.0,1.0,0.0,0.0
2000000.0,92.0,2023.0,2023/1/20,"['Action', 'Crime', 'Thriller']",5.353,18.774,104.0,40.0,"[55446, 68628, 121204, 41735]",1.0,0.0,0.0,1.0,1.0,0.0,0.0,1.0,0.0,0.0,0.0,0.0,0.0,0.0,0.0,0.0,0.0,0.0,0.0,0.0
100000000.0,103.0,2023.0,2023/9/15,"['Action', 'Adventure', 'Thriller']",6.3,176.194,178.0,47.0,"[1020, 48738, 1632, 74795, 126013, 3528, 342]",9.0,0.0,0.0,0.0,0.0,0.0,1.0,0.0,0.0,0.0,0.0,0.0,0.0,0.0,0.0,0.0,1.0,0.0,0.0,0.0
30000000.0,92.0,2023.0,2023/9/21,"['Animation', 'Family', 'Action', 'Science Fiction', 'Comedy', 'Drama', 'Adventure']",7.102,162.681,73.0,31.0,"[2348, 71738, 4, 8649]",9.0,1.0,0.0,0.0,0.0,0.0,0.0,0.0,1.0,0.0,0.0,0.0,0.0,0.0,0.0,0.0,1.0,0.0,0.0,0.0
80000000.0,134.0,2023.0,2023/9/27,"['Action', 'Adventure', 'Science Fiction']",7.094,153.867,42.0,29.0,"[10104, 8147, 508, 206867]",9.0,1.0,1.0,0.0,0.0,1.0,0.0,0.0,0.0,0.0,0.0,0.0,0.0,0.0,0.0,0.0,0.0,0.0,0.0,0.0
13000000.0,118.0,2023.0,2023/9/27,"['Horror', 'Thriller']",7.297,127.073,34.0,60.0,"[2061, 1632]",9.0,1.0,0.0,0.0,0.0,0.0,1.0,0.0,1.0,0.0,0.0,0.0,1.0,0.0,0.0,0.0,0.0,0.0,0.0,0.0
38500000.0,110.0,2023.0,2023/9/6,"['Horror', 'Mystery']",6.811,122.684,33.0,26.0,"[12, 76907, 11565]",9.0,1.0,0.0,0.0,0.0,1.0,0.0,0.0,0.0,0.0,1.0,0.0,0.0,0.0,0.0,1.0,0.0,0.0,0.0,0.0
14000000.0,93.0,2023.0,2023/9/13,"['Romance', 'Drama']",6.955,91.367,39.0,25.0,"[6626, 107108]",9.0,0.0,0.0,0.0,0.0,0.0,0.0,0.0,0.0,0.0,1.0,0.0,1.0,0.0,0.0,0.0,0.0,0.0,0.0,0.0
60000000.0,104.0,2023.0,2023/9/13,"['Mystery', 'Thriller', 'Crime']",6.697,63.36,78.0,55.0,"[127928, 1645, 1557, 28788, 84097]",9.0,1.0,0.0,0.0,0.0,0.0,0.0,0.0,0.0,0.0,1.0,1.0,0.0,0.0,0.0,0.0,0.0,0.0,0.0,0.0
30000000.0,104.0,2023.0,2023/9/15,"['History', 'Comedy', 'Drama']",6.8,61.831,65.0,44.0,"[22146, 172841, 213595]",9.0,0.0,0.0,0.0,0.0,0.0,1.0,0.0,0.0,0.0,0.0,0.0,0.0,0.0,0.0,0.0,1.0,0.0,0.0,1.0
50000000.0,98.0,2023.0,2023/9/14,"['Comedy', 'Crime']",6.153,45.766,45.0,15.0,"[75355, 87705, 46225, 168282, 72316, 121204, 5056, 25954, 195600, 205513, 205514, 205516]",9.0,0.0,0.0,0.0,1.0,1.0,0.0,0.0,0.0,0.0,0.0,0.0,0.0,0.0,0.0,0.0,0.0,0.0,0.0,0.0
3500000.0,100.0,2023.0,2023/9/15,"['Family', 'Comedy']",5.8,30.425,22.0,28.0,"[166513, 220124]",9.0,0.0,0.0,0.0,1.0,0.0,0.0,1.0,0.0,1.0,0.0,0.0,0.0,0.0,0.0,0.0,0.0,0.0,0.0,0.0
2500000.0,109.0,2023.0,2023/9/14,"['Horror', 'Thriller', 'War']",7.1,14.49,12.0,10.0,[160175],9.0,0.0,0.0,1.0,0.0,0.0,1.0,0.0,0.0,0.0,0.0,0.0,0.0,0.0,0.0,0.0,1.0,0.0,0.0,0.0
170000000.0,131.0,2022.0,2022/5/24,"['Action', 'Drama']",8.2,140.587,90.0,50.0,"[82819, 10288, 4]",5.0,1.0,0.0,0.0,0.0,0.0,0.0,1.0,1.0,0.0,1.0,1.0,0.0,0.0,0.0,0.0,0.0,1.0,0.0,0.0
200000000.0,126.0,2022.0,2022/5/4,"['Fantasy', 'Action', 'Adventure']",7.308,99.647,63.0,42.0,"[420, 176762]",5.0,1.0,0.0,0.0,0.0,0.0,1.0,0.0,0.0,1.0,0.0,0.0,0.0,0.0,0.0,0.0,1.0,0.0,0.0,0.0
12000000.0,94.0,2022.0,2022/5/12,"['Science Fiction', 'Thriller', 'Horror']",5.598,66.55,49.0,70.0,"[3172, 433, 18609, 33, 1778]",5.0,1.0,0.0,1.0,0.0,1.0,0.0,0.0,0.0,0.0,0.0,0.0,0.0,0.0,0.0,0.0,1.0,0.0,0.0,0.0
70000000.0,99.0,2022.0,2022/5/20,"['Animation', 'Family', 'Comedy', 'Adventure', 'Mystery']",6.997,38.266,64.0,39.0,"[2, 10227]",5.0,0.0,0.0,0.0,0.0,0.0,0.0,1.0,0.0,0.0,1.0,0.0,0.0,0.0,0.0,0.0,0.0,1.0,0.0,0.0
6500000.0,100.0,2022.0,2022/5/20,"['Horror', 'Thriller', 'Fantasy']",6.144,34.343,50.0,37.0,[284],5.0,1.0,0.0,0.0,0.0,0.0,0.0,0.0,0.0,0.0,0.0,0.0,0.0,0.0,1.0,0.0,0.0,0.0,0.0,0.0
27000000.0,107.0,2022.0,2022/5/25,"['Drama', 'Science Fiction', 'Horror']",6.101,20.19,75.0,45.0,"[805, 806, 290]",5.0,0.0,0.0,0.0,0.0,0.0,0.0,0.0,0.0,0.0,1.0,0.0,1.0,0.0,0.0,0.0,0.0,0.0,0.0,0.0
38000000.0,102.0,2022.0,2022/5/26,"['Animation', 'Adventure', 'Comedy']",6.969,18.763,31.0,48.0,"[127928, 30452]",5.0,0.0,0.0,0.0,0.0,0.0,1.0,0.0,1.0,0.0,0.0,0.0,0.0,0.0,0.0,0.0,1.0,0.0,0.0,0.0
5000000.0,86.0,2022.0,2022/5/20,['Documentary'],6.9,9.152,6.0,21.0,"[107196, 177482]",5.0,0.0,0.0,1.0,0.0,0.0,1.0,0.0,0.0,0.0,0.0,0.0,0.0,0.0,0.0,0.0,1.0,0.0,0.0,0.0
200000000.0,134.0,2021.0,2021/5/26,"['Comedy', 'Crime']",8.027,215.907,87.0,46.0,"[2, 3538, 2527]",5.0,1.0,0.0,0.0,1.0,0.0,0.0,1.0,0.0,0.0,0.0,0.0,1.0,0.0,0.0,0.0,0.0,0.0,0.0,0.0
39000000.0,111.0,2021.0,2021/5/25,"['Horror', 'Mystery', 'Thriller']",7.455,89.558,81.0,44.0,"[12, 11565, 76907]",5.0,1.0,0.0,1.0,1.0,1.0,1.0,0.0,0.0,0.0,0.0,0.0,1.0,0.0,0.0,0.0,1.0,0.0,0.0,0.0
61000000.0,96.0,2021.0,2021/5/21,"['Science Fiction', 'Thriller', 'Horror']",7.495,84.689,89.0,36.0,"[4, 2481, 29312]",5.0,1.0,0.0,0.0,0.0,0.0,0.0,1.0,0.0,0.0,0.0,1.0,0.0,0.0,0.0,0.0,0.0,1.0,1.0,0.0
200000000.0,143.0,2021.0,2021/5/19,"['Action', 'Adventure', 'Crime']",7.099,55.224,87.0,48.0,"[333, 1225, 34530, 33, 105052]",5.0,1.0,0.0,0.0,1.0,0.0,1.0,0.0,0.0,0.0,0.0,0.0,0.0,0.0,0.0,0.0,0.0,0.0,0.0,0.0
90000000.0,148.0,2021.0,2021/5/14,"['Action', 'Crime', 'Drama', 'Horror', 'Science Fiction', 'Thriller']",6.238,48.123,167.0,43.0,[114152],5.0,1.0,0.0,1.0,1.0,0.0,1.0,0.0,0.0,0.0,0.0,0.0,0.0,0.0,0.0,0.0,0.0,0.0,0.0,0.0
30000000.0,88.0,2021.0,2021/5/20,"['Animation', 'Adventure', 'Family', 'Western']",7.3,40.94,62.0,19.0,"[33, 521]",5.0,0.0,0.0,0.0,1.0,0.0,1.0,0.0,0.0,0.0,0.0,0.0,0.0,0.0,0.0,0.0,0.0,0.0,0.0,0.0
20000000.0,100.0,2021.0,2021/5/5,"['Thriller', 'Action']",6.663,34.385,79.0,33.0,"[13240, 12, 106789, 8083]",5.0,1.0,0.0,0.0,1.0,0.0,0.0,1.0,0.0,1.0,0.0,1.0,0.0,0.0,0.0,0.0,0.0,1.0,0.0,0.0
20000000.0,113.0,2021.0,2021/5/21,"['Comedy', 'Drama']",7.053,18.956,34.0,63.0,"[6705, 23949, 12177, 290, 99366, 118715, 11341, 167986]",5.0,0.0,0.0,0.0,0.0,0.0,0.0,1.0,0.0,0.0,1.0,1.0,0.0,0.0,0.0,0.0,0.0,1.0,0.0,0.0
200000000.0,114.0,2021.0,2021/3/24,"['Action', 'Science Fiction', 'Thriller']",7.622,358.268,84.0,36.0,[923],3.0,1.0,0.0,0.0,1.0,1.0,1.0,0.0,0.0,0.0,0.0,0.0,0.0,0.0,0.0,0.0,0.0,0.0,0.0,0.0
17000000.0,92.0,2021.0,2021/3/18,"['Action', 'Thriller']",7.972,85.239,47.0,59.0,"[121470, 86647, 123230]",3.0,1.0,0.0,0.0,0.0,0.0,0.0,0.0,1.0,0.0,0.0,0.0,0.0,0.0,0.0,0.0,1.0,0.0,0.0,0.0
100000000.0,107.0,2021.0,2021/3/3,"['Animation', 'Family', 'Fantasy', 'Action', 'Adventure']",7.865,83.208,42.0,37.0,"[2, 6125]",3.0,1.0,0.0,1.0,1.0,0.0,0.0,1.0,0.0,0.0,0.0,0.0,0.0,0.0,0.0,0.0,0.0,0.0,0.0,0.0
45000000.0,93.0,2021.0,2021/3/25,"['Family', 'Comedy', 'Adventure', 'Animation']",7.121,78.669,69.0,44.0,"[5, 7291, 8089, 2531, 84792]",3.0,1.0,0.0,1.0,1.0,0.0,0.0,0.0,0.0,0.0,1.0,1.0,0.0,0.0,0.0,0.0,0.0,0.0,0.0,0.0
15000000.0,114.0,2021.0,2021/3/4,"['Drama', 'Action', 'Thriller']",6.824,66.132,48.0,37.0,"[122844, 1182, 10128, 90562, 21632, 67412, 120257]",3.0,0.0,0.0,0.0,0.0,1.0,0.0,1.0,0.0,0.0,0.0,1.0,0.0,0.0,0.0,0.0,0.0,0.0,0.0,0.0
10000000.0,99.0,2021.0,2021/3/31,"['Horror', 'Mystery']",6.6,34.021,80.0,53.0,"[768, 3287]",3.0,1.0,1.0,0.0,0.0,0.0,0.0,0.0,0.0,0.0,1.0,0.0,0.0,0.0,0.0,0.0,0.0,0.0,0.0,0.0
20000000.0,88.0,2021.0,2021/3/12,"['Action', 'Adventure', 'Science Fiction']",4.1,27.183,104.0,51.0,"[68628, 121204, 41735, 25140]",3.0,0.0,0.0,0.0,0.0,0.0,0.0,1.0,0.0,1.0,1.0,1.0,0.0,0.0,0.0,0.0,0.0,1.0,0.0,0.0
85000000.0,99.0,2020.0,2020/2/12,"['Action', 'Science Fiction', 'Comedy', 'Family']",7.331,92.208,73.0,51.0,"[333, 10644, 77884, 4, 113750, 168701]",2.0,1.0,0.0,0.0,1.0,0.0,0.0,0.0,0.0,0.0,1.0,0.0,0.0,0.0,0.0,0.0,0.0,0.0,0.0,0.0
109000000.0,100.0,2020.0,2020/2/19,"['Adventure', 'Family', 'Drama']",7.565,72.024,83.0,55.0,"[787, 127928, 22213, 154402]",2.0,1.0,1.0,0.0,0.0,1.0,0.0,0.0,0.0,0.0,0.0,0.0,0.0,0.0,0.0,0.0,0.0,0.0,0.0,0.0
10000000.0,125.0,2020.0,2020/2/13,"['Comedy', 'Romance']",7.035,45.455,58.0,33.0,"[10163, 10338, 2376]",2.0,1.0,0.0,1.0,0.0,0.0,1.0,0.0,0.0,0.0,0.0,0.0,0.0,0.0,0.0,0.0,1.0,0.0,0.0,0.0
200000000.0,103.0,2020.0,2020/2/29,"['Family', 'Animation', 'Adventure', 'Comedy', 'Fantasy']",7.701,44.513,80.0,44.0,"[2, 3]",2.0,0.0,0.0,0.0,0.0,0.0,1.0,0.0,1.0,0.0,0.0,0.0,0.0,0.0,0.0,0.0,1.0,0.0,0.0,0.0
15000000.0,95.0,2020.0,2020/2/27,"['Action', 'Comedy']",6.452,40.15,82.0,41.0,"[19638, 17761, 67258, 290, 112609, 127844, 67260, 76992, 294, 19037, 25838, 70822, 19332]",2.0,0.0,0.0,0.0,0.0,0.0,0.0,0.0,0.0,0.0,1.0,0.0,0.0,0.0,0.0,0.0,0.0,0.0,0.0,0.0
7000000.0,109.0,2020.0,2020/2/12,"['Horror', 'Fantasy', 'Adventure', 'Mystery']",5.818,32.55,48.0,42.0,"[3172, 5, 172892]",2.0,1.0,0.0,1.0,1.0,0.0,0.0,1.0,0.0,0.0,0.0,0.0,0.0,0.0,0.0,0.0,0.0,0.0,0.0,0.0
16000000.0,106.0,2020.0,2020/2/14,"['Drama', 'Romance']",6.464,28.234,31.0,33.0,"[49968, 33, 10338]",2.0,1.0,0.0,0.0,1.0,0.0,0.0,1.0,0.0,1.0,1.0,1.0,0.0,0.0,0.0,0.0,0.0,1.0,0.0,0.0
7000000.0,124.0,2020.0,2020/2/26,"['Thriller', 'Science Fiction', 'Horror']",7.118,25.014,34.0,25.0,"[3172, 33, 6748, 107787]",2.0,1.0,0.0,0.0,0.0,1.0,0.0,0.0,0.0,0.0,1.0,0.0,0.0,0.0,0.0,0.0,0.0,0.0,0.0,0.0
10000000.0,86.0,2020.0,2020/2/20,"['Horror', 'Mystery', 'Thriller']",5.95,19.414,56.0,35.0,"[47729, 126]",2.0,1.0,0.0,1.0,0.0,0.0,0.0,0.0,0.0,0.0,0.0,0.0,0.0,0.0,0.0,0.0,1.0,0.0,0.0,0.0
3000000.0,92.0,2020.0,2020/2/21,['Comedy'],6.6,13.071,19.0,52.0,"[21213, 121893]",2.0,1.0,0.0,0.0,0.0,1.0,0.0,0.0,0.0,0.0,0.0,0.0,0.0,0.0,0.0,0.0,0.0,0.0,0.0,0.0
460000000.0,192.0,2022.0,2022/12/14,"['Science Fiction', 'Adventure', 'Action']",7.625,261.111,56.0,55.0,"[127928, 574]",12.0,1.0,0.0,0.0,0.0,1.0,0.0,0.0,0.0,0.0,1.0,0.0,0.0,0.0,0.0,0.0,0.0,0.0,0.0,0.0
90000000.0,103.0,2022.0,2022/12/7,"['Animation', 'Adventure', 'Fantasy', 'Comedy', 'Action', 'Family']",8.24,202.412,73.0,51.0,[521],12.0,1.0,0.0,0.0,0.0,0.0,0.0,1.0,0.0,1.0,1.0,1.0,0.0,0.0,0.0,0.0,0.0,1.0,0.0,0.0
78000000.0,189.0,2022.0,2022/12/22,"['Drama', 'Comedy']",7.413,138.717,96.0,55.0,"[4, 2527, 12139, 184518, 187221, 224269]",12.0,0.0,1.0,0.0,0.0,1.0,1.0,0.0,0.0,0.0,0.0,0.0,0.0,0.0,0.0,0.0,0.0,0.0,0.0,0.0
12000000.0,102.0,2022.0,2022/12/28,"['Science Fiction', 'Horror']",7.114,78.794,45.0,29.0,"[76907, 3172, 89115]",12.0,1.0,0.0,0.0,0.0,1.0,0.0,0.0,0.0,0.0,0.0,0.0,0.0,1.0,0.0,1.0,0.0,0.0,0.0,0.0
3000000.0,117.0,2022.0,2022/12/9,['Drama'],7.866,73.446,53.0,33.0,"[41077, 7503]",12.0,1.0,1.0,0.0,0.0,1.0,0.0,0.0,0.0,0.0,0.0,0.0,0.0,0.0,0.0,0.0,0.0,0.0,0.0,0.0
50000000.0,126.0,2022.0,2022/12/28,"['Comedy', 'Drama']",7.762,46.888,107.0,48.0,"[4171, 6181, 191075, 5, 23644, 22213]",12.0,1.0,0.0,0.0,0.0,1.0,1.0,0.0,0.0,0.0,0.0,0.0,1.0,0.0,0.0,0.0,0.0,0.0,0.0,0.0
17000000.0,93.0,2022.0,2022/12/16,"['Animation', 'Adventure', 'Comedy', 'Family', 'Fantasy']",6.806,26.256,67.0,54.0,"[50163, 129669, 90827, 129670, 129671, 115965, 823, 62277, 100886]",12.0,1.0,0.0,0.0,1.0,1.0,1.0,0.0,0.0,0.0,0.0,0.0,0.0,0.0,0.0,0.0,0.0,0.0,0.0,0.0
4000000.0,90.0,2022.0,2022/12/30,"['Thriller', 'Drama', 'Romance']",5.733,21.975,64.0,37.0,"[117678, 82552, 1632]",12.0,0.0,0.0,0.0,0.0,1.0,0.0,0.0,0.0,0.0,0.0,0.0,0.0,0.0,0.0,0.0,0.0,0.0,0.0,0.0
50000000.0,144.0,2022.0,2022/12/20,"['Music', 'History', 'Drama']",7.04,21.954,52.0,40.0,"[175627, 33681, 559, 128828, 132660, 132659]",12.0,1.0,0.0,0.0,0.0,1.0,0.0,0.0,0.0,0.0,0.0,0.0,0.0,1.0,0.0,0.0,0.0,0.0,0.0,0.0
13500000.0,115.0,2022.0,2022/12/9,"['Drama', 'Romance']",6.675,17.455,50.0,46.0,"[127929, 1522, 22213]",12.0,0.0,0.0,0.0,1.0,1.0,0.0,0.0,0.0,0.0,0.0,0.0,1.0,0.0,0.0,0.0,0.0,0.0,0.0,0.0
30000000.0,128.0,2021.0,2021/1/28,"['Drama', 'Crime', 'Thriller']",6.3,38.261,95.0,54.0,"[174, 2605]",1.0,0.0,0.0,0.0,0.0,0.0,1.0,0.0,1.0,0.0,0.0,0.0,1.0,0.0,0.0,0.0,0.0,0.0,0.0,0.0
23000000.0,108.0,2021.0,2021/1/15,"['Action', 'Drama', 'Thriller']",6.862,36.728,131.0,50.0,"[80292, 5357, 94694, 145547, 6626]",1.0,1.0,0.0,0.0,0.0,0.0,0.0,0.0,0.0,1.0,1.0,1.0,0.0,0.0,0.0,0.0,0.0,1.0,0.0,0.0
5000000.0,108.0,2021.0,2021/1/29,['Drama'],7.218,26.986,53.0,47.0,"[114776, 114777, 96168]",1.0,1.0,0.0,0.0,0.0,0.0,1.0,0.0,1.0,0.0,0.0,0.0,0.0,0.0,0.0,0.0,1.0,0.0,0.0,0.0
16000000.0,107.0,2021.0,2021/1/14,"['Music', 'Drama']",5.6,18.31,63.0,36.0,"[55120, 146398, 146399, 2395, 88606]",1.0,0.0,0.0,1.0,1.0,0.0,0.0,0.0,0.0,1.0,0.0,0.0,0.0,0.0,0.0,0.0,0.0,0.0,0.0,0.0
2000000.0,92.0,2021.0,2021/1/22,"['Crime', 'Drama', 'Action']",5.9,17.876,68.0,16.0,"[127834, 101187, 7724, 119056, 135346]",1.0,0.0,0.0,0.0,1.0,0.0,0.0,1.0,0.0,0.0,1.0,1.0,0.0,0.0,0.0,0.0,0.0,0.0,0.0,0.0
185000000.0,177.0,2022.0,2022/3/1,"['Crime', 'Mystery', 'Thriller']",7.685,186.539,66.0,43.0,"[101405, 119245, 128064, 174]",3.0,1.0,0.0,1.0,1.0,0.0,0.0,1.0,0.0,0.0,0.0,0.0,0.0,0.0,0.0,0.0,0.0,0.0,0.0,0.0
175000000.0,100.0,2022.0,2022/3/10,"['Animation', 'Family', 'Comedy', 'Fantasy']",7.395,177.943,53.0,23.0,"[2, 3]",3.0,0.0,0.0,0.0,0.0,0.0,0.0,1.0,0.0,0.0,1.0,1.0,0.0,0.0,0.0,0.0,0.0,1.0,0.0,0.0
1000000.0,106.0,2022.0,2022/3/17,"['Horror', 'Thriller', 'Mystery']",6.725,171.279,158.0,29.0,"[41077, 126587]",3.0,1.0,0.0,0.0,1.0,0.0,0.0,1.0,0.0,0.0,1.0,0.0,0.0,0.0,0.0,0.0,0.0,0.0,0.0,0.0
75000000.0,105.0,2022.0,2022/3/30,"['Action', 'Science Fiction', 'Fantasy']",6.05,153.841,52.0,41.0,"[5, 53462, 14439]",3.0,1.0,0.0,0.0,0.0,1.0,0.0,0.0,1.0,0.0,0.0,0.0,0.0,0.0,0.0,0.0,1.0,0.0,0.0,0.0
110000000.0,123.0,2022.0,2022/3/30,"['Action', 'Adventure', 'Family', 'Comedy']",7.519,132.917,73.0,51.0,"[333, 10644, 77884, 4, 113750, 168701]",3.0,1.0,0.0,0.0,1.0,0.0,1.0,0.0,0.0,0.0,0.0,0.0,1.0,0.0,0.0,0.0,0.0,0.0,0.0,0.0
25000000.0,140.0,2022.0,2022/3/24,"['Action', 'Adventure', 'Science Fiction']",7.796,113.957,78.0,53.0,"[41077, 93105, 106544, 114130, 20312, 161506]",3.0,1.0,0.0,0.0,0.0,1.0,1.0,1.0,1.0,0.0,0.0,0.0,0.0,0.0,0.0,0.0,0.0,0.0,0.0,0.0
80000000.0,100.0,2022.0,2022/3/17,"['Family', 'Animation', 'Adventure', 'Comedy']",7.575,65.93,50.0,50.0,"[521, 30246, 1778]",3.0,1.0,0.0,1.0,1.0,0.0,0.0,1.0,0.0,0.0,0.0,0.0,0.0,0.0,0.0,0.0,0.0,0.0,0.0,0.0
74000000.0,112.0,2022.0,2022/3/24,"['Action', 'Adventure', 'Comedy']",6.5,59.163,82.0,45.0,"[4, 4258, 123420, 121737]",3.0,1.0,0.0,0.0,0.0,0.0,0.0,0.0,0.0,0.0,1.0,1.0,0.0,0.0,0.0,0.0,0.0,1.0,0.0,0.0
3000000.0,83.0,2022.0,2022/3/18,"['Horror', 'Mystery', 'Drama']",5.4,42.161,71.0,46.0,"[122323, 11341, 141525]",3.0,0.0,0.0,0.0,0.0,1.0,0.0,0.0,0.0,0.0,0.0,0.0,0.0,1.0,0.0,0.0,0.0,0.0,0.0,0.0
40000000.0,136.0,2022.0,2022/3/16,"['Thriller', 'Action', 'Crime']",6.665,41.676,100.0,38.0,"[33, 6734, 100640, 114732, 130448]",3.0,1.0,0.0,0.0,0.0,1.0,1.0,0.0,0.0,0.0,0.0,0.0,1.0,0.0,0.0,0.0,1.0,0.0,0.0,0.0
4749917.0,97.0,2022.0,2022/3/25,"['Thriller', 'Adventure', 'Drama', 'Mystery']",5.8,23.339,49.0,50.0,"[19640, 151762, 11341, 167986, 155872, 11240, 138279, 74602]",3.0,0.0,0.0,1.0,0.0,0.0,0.0,1.0,0.0,0.0,0.0,1.0,0.0,0.0,0.0,0.0,0.0,1.0,0.0,0.0
165000000.0,147.0,2022.0,2022/6/1,"['Adventure', 'Action', 'Science Fiction']",6.718,119.551,57.0,48.0,"[56, 33]",6.0,1.0,0.0,0.0,0.0,0.0,1.0,0.0,1.0,0.0,0.0,0.0,0.0,0.0,0.0,0.0,1.0,0.0,0.0,0.0
85000000.0,87.0,2022.0,2022/6/29,"['Animation', 'Comedy', 'Family']",7.341,89.579,54.0,69.0,"[33, 6704]",6.0,1.0,0.0,1.0,0.0,0.0,0.0,0.0,0.0,1.0,0.0,0.0,0.0,0.0,0.0,0.0,1.0,1.0,0.0,1.0
85000000.0,159.0,2022.0,2022/6/22,"['Drama', 'Music']",7.545,66.977,107.0,41.0,"[174, 240, 75060]",6.0,1.0,0.0,1.0,0.0,1.0,0.0,0.0,0.0,0.0,1.0,0.0,0.0,0.0,0.0,0.0,0.0,0.0,0.0,0.0
17000000.0,103.0,2022.0,2022/6/22,"['Crime', 'Drama', 'Horror', 'Thriller']",7.636,58.792,61.0,28.0,"[33, 3172, 162439]",6.0,1.0,0.0,0.0,1.0,0.0,1.0,0.0,0.0,0.0,0.0,0.0,1.0,0.0,0.0,0.0,0.0,0.0,0.0,0.0
200000000.0,105.0,2022.0,2022/6/15,"['Animation', 'Science Fiction', 'Family', 'Adventure']",7.004,41.077,65.0,40.0,"[3, 2]",6.0,1.0,0.0,0.0,1.0,1.0,0.0,0.0,0.0,0.0,0.0,0.0,0.0,0.0,0.0,0.0,0.0,0.0,0.0,0.0
5000000.0,96.0,2022.0,2022/6/3,"['Horror', 'Mystery', 'Thriller']",6.509,33.83,33.0,38.0,"[6736, 80971, 169906, 110799]",6.0,0.0,0.0,0.0,0.0,0.0,1.0,0.0,0.0,0.0,0.0,0.0,1.0,0.0,0.0,0.0,1.0,0.0,0.0,0.0
250000.0,84.0,2022.0,2022/6/16,"['Animation', 'Fantasy', 'Horror', 'Science Fiction', 'War']",6.963,17.514,11.0,23.0,[18616],6.0,1.0,0.0,0.0,1.0,0.0,0.0,0.0,0.0,1.0,1.0,0.0,0.0,0.0,0.0,0.0,0.0,0.0,0.0,0.0
1200000.0,90.0,2022.0,2022/6/17,"['Comedy', 'Drama', 'Science Fiction']",6.341,11.991,16.0,31.0,"[61922, 7281, 6705, 52352]",6.0,0.0,0.0,0.0,0.0,0.0,0.0,1.0,0.0,1.0,1.0,0.0,0.0,0.0,0.0,0.0,0.0,0.0,0.0,0.0
90000000.0,170.0,2023.0,2023/3/22,"['Action', 'Thriller', 'Crime']",7.7,197.782,122.0,40.0,"[3528, 23008, 491, 264]",3.0,1.0,0.0,1.0,1.0,0.0,1.0,0.0,0.0,0.0,0.0,0.0,0.0,0.0,0.0,0.0,0.0,0.0,0.0,0.0
75000000.0,116.0,2023.0,2023/3/1,"['Drama', 'Action']",7.123,136.102,52.0,37.0,"[21, 12252, 148495, 102334]",3.0,1.0,0.0,0.0,0.0,1.0,0.0,0.0,0.0,0.0,1.0,0.0,0.0,0.0,0.0,0.0,0.0,0.0,0.0,0.0
35000000.0,123.0,2023.0,2023/3/8,"['Horror', 'Crime', 'Thriller']",7.068,94.98,158.0,37.0,"[126588, 130448, 143790, 4]",3.0,1.0,0.0,0.0,0.0,1.0,0.0,0.0,0.0,1.0,0.0,0.0,0.0,0.0,0.0,0.0,0.0,0.0,0.0,0.0
125000000.0,130.0,2023.0,2023/3/15,"['Comedy', 'Action', 'Fantasy']",6.57,89.037,29.0,28.0,"[12, 11565, 128064]",3.0,1.0,0.0,0.0,0.0,0.0,0.0,0.0,0.0,0.0,1.0,1.0,0.0,0.0,0.0,0.0,0.0,1.0,0.0,0.0
151000000.0,134.0,2023.0,2023/3/23,"['Adventure', 'Fantasy', 'Comedy']",7.383,80.985,59.0,41.0,"[8147, 4]",3.0,1.0,0.0,1.0,1.0,0.0,1.0,0.0,0.0,0.0,0.0,0.0,0.0,0.0,0.0,0.0,0.0,0.0,0.0,0.0
45000000.0,92.0,2023.0,2023/3/2,"['Science Fiction', 'Action', 'Thriller']",6.04,53.314,80.0,23.0,"[122323, 133303, 13240, 5, 22213]",3.0,1.0,0.0,1.0,0.0,0.0,0.0,1.0,0.0,1.0,0.0,0.0,0.0,0.0,0.0,0.0,0.0,0.0,0.0,0.0
30000000.0,107.0,2023.0,2023/3/29,"['Comedy', 'Drama']",7.263,22.191,63.0,45.0,"[18, 1632]",3.0,0.0,0.0,0.0,1.0,0.0,0.0,0.0,0.0,0.0,1.0,0.0,0.0,0.0,0.0,0.0,1.0,0.0,0.0,0.0
250000.0,104.0,2023.0,2023/3/30,"['Drama', 'Fantasy']",7.9,14.314,10.0,15.0,"[120144, 165435]",3.0,1.0,0.0,0.0,0.0,1.0,0.0,0.0,0.0,0.0,0.0,0.0,0.0,0.0,0.0,1.0,0.0,0.0,0.0,0.0
50000000.0,101.0,2021.0,2021/2/10,"['Comedy', 'Family', 'Animation']",6.806,69.834,78.0,38.0,"[25120, 8922, 77061, 174]",2.0,1.0,0.0,0.0,0.0,1.0,0.0,0.0,0.0,0.0,0.0,0.0,0.0,0.0,0.0,0.0,0.0,0.0,0.0,0.0
45000000.0,94.0,2021.0,2021/2/19,"['Action', 'Science Fiction', 'Thriller']",6.884,55.844,82.0,60.0,"[99321, 76991, 290, 10405, 123068, 103330, 144508, 85562, 36109, 1645, 109906]",2.0,0.0,0.0,1.0,1.0,0.0,0.0,1.0,0.0,0.0,0.0,0.0,0.0,0.0,0.0,0.0,0.0,0.0,0.0,0.0
125000000.0,109.0,2021.0,2021/2/24,"['Fantasy', 'Science Fiction', 'Adventure']",6.605,53.032,80.0,39.0,"[80680, 1632, 13240, 787, 72441, 147591, 47706, 53152]",2.0,0.0,0.0,0.0,1.0,0.0,1.0,0.0,0.0,0.0,0.0,0.0,0.0,0.0,0.0,0.0,1.0,0.0,0.0,0.0
5000000.0,88.0,2021.0,2021/2/12,"['Action', 'Horror', 'Comedy']",6.043,36.065,155.0,53.0,"[831, 147832, 74496, 151378, 111475]",2.0,0.0,0.0,0.0,0.0,0.0,0.0,1.0,0.0,1.0,1.0,1.0,0.0,1.0,0.0,0.0,0.0,1.0,0.0,0.0
26000000.0,126.0,2021.0,2021/2/12,"['Drama', 'History']",7.348,32.929,49.0,34.0,"[79426, 13240, 6735, 148495, 174]",2.0,0.0,1.0,0.0,0.0,1.0,0.0,0.0,0.0,0.0,0.0,0.0,0.0,1.0,0.0,0.0,0.0,0.0,0.0,0.0
2000000.0,115.0,2021.0,2021/2/12,['Drama'],7.4,29.516,42.0,30.0,[81],2.0,1.0,0.0,0.0,0.0,1.0,0.0,0.0,0.0,0.0,0.0,0.0,0.0,0.0,0.0,0.0,0.0,0.0,0.0,0.0
42000000.0,110.0,2020.0,2020/3/5,"['Action', 'Science Fiction', 'Adventure']",6.741,70.994,87.0,44.0,"[10246, 6573, 333, 103673, 124335, 5, 1225, 30148, 2735]",3.0,0.0,0.0,0.0,1.0,1.0,1.0,0.0,0.0,0.0,0.0,0.0,0.0,0.0,0.0,0.0,0.0,0.0,0.0,0.0
14000000.0,90.0,2020.0,2020/3/11,"['Action', 'Thriller', 'Horror']",6.645,58.038,54.0,39.0,"[3172, 1778, 130530, 33]",3.0,0.0,0.0,0.0,0.0,0.0,0.0,0.0,1.0,0.0,1.0,1.0,0.0,0.0,0.0,0.0,0.0,1.0,0.0,0.0
90000000.0,90.0,2020.0,2020/3/11,"['Family', 'Animation', 'Comedy', 'Fantasy', 'Adventure', 'Music']",7.321,51.81,64.0,39.0,"[521, 33, 1778]",3.0,0.0,0.0,0.0,1.0,0.0,1.0,0.0,0.0,0.0,0.0,0.0,0.0,0.0,0.0,0.0,0.0,0.0,0.0,0.0
12000000.0,115.0,2020.0,2020/3/12,"['Music', 'Drama', 'Romance']",7.6,35.903,38.0,31.0,[100855],3.0,1.0,1.0,1.0,0.0,0.0,0.0,0.0,0.0,0.0,1.0,0.0,0.0,0.0,0.0,0.0,0.0,0.0,0.0,0.0
23000000.0,107.0,2020.0,2020/3/5,['Drama'],6.63,18.199,65.0,55.0,"[174, 29313, 22881, 13240]",3.0,0.0,0.0,0.0,0.0,0.0,0.0,1.0,0.0,0.0,0.0,1.0,0.0,0.0,0.0,0.0,0.0,1.0,0.0,0.0
34000000.0,120.0,2020.0,2020/7/29,"['Action', 'Thriller', 'Drama']",7.139,63.609,63.0,32.0,"[47729, 3528, 138743, 103331, 76314, 1634]",7.0,1.0,0.0,0.0,1.0,0.0,1.0,1.0,0.0,0.0,0.0,0.0,1.0,0.0,0.0,0.0,0.0,0.0,0.0,0.0
90000000.0,93.0,2020.0,2020/7/8,"['Animation', 'Comedy', 'Family', 'Mystery']",7.076,40.525,106.0,55.0,"[25120, 174, 507, 436]",7.0,0.0,0.0,0.0,0.0,1.0,0.0,0.0,0.0,0.0,1.0,0.0,0.0,0.0,0.0,0.0,0.0,0.0,0.0,0.0
33000000.0,90.0,2020.0,2020/7/16,"['Action', 'Thriller']",6.463,38.506,95.0,37.0,"[52180, 133831, 290, 19638]",7.0,1.0,0.0,0.0,1.0,0.0,1.0,0.0,0.0,0.0,0.0,0.0,0.0,0.0,0.0,0.0,0.0,0.0,0.0,0.0
5000000.0,90.0,2020.0,2020/7/10,"['Comedy', 'Romance', 'Science Fiction']",7.3,35.261,64.0,50.0,"[128360, 53808, 215031]",7.0,0.0,0.0,1.0,1.0,0.0,0.0,1.0,0.0,0.0,0.0,0.0,0.0,0.0,0.0,0.0,0.0,0.0,0.0,0.0
17520000.0,97.0,2020.0,2020/7/23,"['Animation', 'Adventure', 'Family']",7.1,27.705,9.0,10.0,"[10159, 146118, 78298]",7.0,0.0,0.0,0.0,1.0,0.0,0.0,1.0,0.0,0.0,0.0,0.0,0.0,0.0,0.0,0.0,0.0,0.0,0.0,0.0
15000000.0,91.0,2020.0,2020/7/2,"['Action', 'Adventure', 'Crime', 'Thriller']",5.205,22.055,82.0,56.0,"[290, 121423, 138238, 138239, 3604, 24513, 85562, 65649, 138240, 10405]",7.0,0.0,0.0,0.0,0.0,1.0,0.0,0.0,0.0,0.0,1.0,0.0,0.0,0.0,0.0,0.0,0.0,0.0,0.0,0.0
35000000.0,137.0,2020.0,2020/7/22,"['Comedy', 'Drama']",7.0,21.875,27.0,20.0,"[33, 10105, 10338]",7.0,0.0,0.0,0.0,1.0,1.0,1.0,1.0,0.0,0.0,0.0,0.0,0.0,0.0,0.0,0.0,0.0,0.0,0.0,0.0
4500000.0,101.0,2020.0,2020/7/28,"['Thriller', 'Action']",5.6,19.079,69.0,28.0,"[72731, 67994, 130806, 130807, 130808, 61460, 120869]",7.0,0.0,0.0,0.0,0.0,0.0,1.0,0.0,1.0,0.0,0.0,0.0,1.0,0.0,0.0,0.0,0.0,0.0,0.0,0.0
146000000.0,131.0,2022.0,2022/2/3,"['Science Fiction', 'Adventure', 'Action']",6.324,73.258,81.0,47.0,"[347, 114885, 1632, 110799, 89488, 204641]",2.0,0.0,0.0,0.0,0.0,1.0,1.0,0.0,1.0,0.0,0.0,0.0,1.0,0.0,0.0,0.0,0.0,0.0,0.0,0.0
120000000.0,116.0,2022.0,2022/2/10,"['Action', 'Adventure']",7.0,70.902,106.0,47.0,"[5, 507, 125281, 14439]",2.0,1.0,0.0,0.0,0.0,0.0,0.0,0.0,0.0,0.0,1.0,0.0,0.0,0.0,1.0,0.0,0.0,0.0,0.0,0.0
20000000.0,101.0,2022.0,2022/2/17,"['Drama', 'Comedy']",7.331,45.605,65.0,23.0,"[7493, 21, 57743]",2.0,1.0,1.0,0.0,0.0,0.0,0.0,0.0,0.0,0.0,1.0,0.0,0.0,1.0,0.0,0.0,0.0,0.0,0.0,0.0
43000000.0,104.0,2022.0,2022/2/10,"['Action', 'Thriller', 'Drama', 'Adventure']",6.196,44.955,102.0,54.0,"[33768, 5357, 11840, 69756, 7584, 198764, 207375, 207376, 142069, 207377]",2.0,0.0,0.0,0.0,0.0,0.0,0.0,1.0,0.0,1.0,1.0,1.0,0.0,0.0,0.0,0.0,0.0,1.0,0.0,0.0
90000000.0,127.0,2022.0,2022/2/9,"['Mystery', 'Crime', 'Thriller']",6.4,42.168,78.0,54.0,"[1557, 28788, 127928, 221347]",2.0,1.0,0.0,0.0,1.0,0.0,1.0,0.0,0.0,0.0,0.0,0.0,0.0,0.0,0.0,0.0,1.0,0.0,0.0,0.0
5000000.0,106.0,2022.0,2022/2/25,"['Crime', 'Drama', 'Thriller', 'Mystery']",7.108,41.454,38.0,31.0,"[10146, 7493, 173869, 173870]",2.0,0.0,0.0,0.0,1.0,0.0,1.0,0.0,0.0,0.0,1.0,0.0,1.0,0.0,0.0,0.0,0.0,0.0,0.0,0.0
10000000.0,96.0,2022.0,2022/2/1,"['Comedy', 'Documentary']",6.8,31.265,37.0,50.0,"[4, 6329, 6328, 134436]",2.0,1.0,0.0,0.0,1.0,0.0,1.0,0.0,0.0,0.0,0.0,0.0,1.0,0.0,0.0,0.0,0.0,0.0,0.0,0.0
23000000.0,112.0,2022.0,2022/2/9,"['Romance', 'Comedy', 'Music']",6.7,26.892,64.0,46.0,"[1620, 10338, 213235]",2.0,1.0,0.0,0.0,0.0,0.0,0.0,0.0,0.0,1.0,1.0,0.0,0.0,0.0,0.0,0.0,1.0,0.0,0.0,0.0
200000000.0,95.0,2021.0,2021/6/17,"['Animation', 'Comedy', 'Fantasy', 'Adventure', 'Family']",7.834,103.268,32.0,17.0,"[3, 2]",6.0,0.0,0.0,0.0,0.0,1.0,1.0,0.0,0.0,0.0,0.0,0.0,1.0,0.0,0.0,0.0,0.0,0.0,0.0,0.0
18000000.0,103.0,2021.0,2021/6/30,"['Horror', 'Action', 'Thriller']",6.977,54.411,51.0,47.0,"[3172, 2481, 33, 10338, 138783]",6.0,1.0,1.0,0.0,0.0,1.0,0.0,0.0,0.0,0.0,0.0,0.0,0.0,0.0,0.0,0.0,0.0,0.0,0.0,0.0
70000000.0,117.0,2021.0,2021/6/14,"['Action', 'Comedy', 'Crime', 'Thriller']",6.692,34.509,109.0,59.0,"[74795, 491, 1632, 1020, 342]",6.0,1.0,0.0,1.0,1.0,0.0,1.0,0.0,0.0,0.0,0.0,0.0,0.0,0.0,0.0,0.0,0.0,0.0,0.0,0.0
2000000.0,109.0,2021.0,2021/6/17,"['Action', 'Crime', 'Thriller']",6.7,27.256,51.0,42.0,"[108781, 130063, 148930, 6626]",6.0,0.0,0.0,0.0,0.0,0.0,0.0,1.0,0.0,1.0,1.0,1.0,0.0,0.0,0.0,0.0,0.0,1.0,0.0,0.0
6500000.0,97.0,2021.0,2021/6/25,"['Horror', 'Comedy', 'Fantasy']",6.041,24.866,27.0,25.0,"[46453, 202102]",6.0,0.0,0.0,0.0,1.0,1.0,0.0,0.0,0.0,0.0,0.0,0.0,1.0,0.0,0.0,0.0,0.0,0.0,0.0,0.0
5000000.0,119.0,2021.0,2021/6/24,"['Crime', 'Drama', 'Thriller']",6.138,23.159,51.0,57.0,"[153438, 137373, 5113, 171436, 96310, 142122, 6626]",6.0,0.0,0.0,0.0,0.0,0.0,0.0,0.0,0.0,0.0,1.0,1.0,0.0,0.0,0.0,0.0,0.0,0.0,0.0,0.0
55000000.0,143.0,2021.0,2021/6/10,"['Drama', 'Romance']",7.209,18.624,26.0,32.0,"[1785, 150841, 122645, 150842, 100640]",6.0,0.0,0.0,1.0,0.0,0.0,0.0,1.0,0.0,0.0,1.0,0.0,0.0,0.0,0.0,0.0,0.0,0.0,0.0,0.0
205000000.0,150.0,2020.0,2020/8/22,"['Action', 'Thriller', 'Science Fiction']",7.181,227.614,66.0,36.0,"[174, 9996]",8.0,1.0,0.0,0.0,0.0,1.0,0.0,0.0,0.0,0.0,0.0,0.0,0.0,0.0,0.0,1.0,0.0,0.0,0.0,0.0
60000000.0,95.0,2020.0,2020/8/14,"['Family', 'Animation', 'Fantasy', 'Adventure', 'Comedy']",7.49,64.209,66.0,65.0,"[8921, 2348, 24955, 4, 2531, 8649]",8.0,0.0,0.0,0.0,0.0,0.0,0.0,0.0,0.0,1.0,1.0,1.0,0.0,0.0,0.0,0.0,0.0,1.0,0.0,0.0
30000000.0,95.0,2020.0,2020/8/7,"['Action', 'Crime', 'Drama']",5.7,38.044,68.0,23.0,"[10246, 118475, 136607, 90761, 123722]",8.0,0.0,0.0,0.0,1.0,0.0,1.0,0.0,0.0,0.0,1.0,0.0,1.0,0.0,0.0,0.0,0.0,0.0,0.0,0.0
18000000.0,98.0,2020.0,2020/8/27,"['Comedy', 'Family']",6.4,30.415,90.0,62.0,"[53531, 10405, 135954, 128828]",8.0,1.0,0.0,0.0,0.0,0.0,1.0,0.0,0.0,0.0,0.0,0.0,0.0,0.0,0.0,0.0,1.0,0.0,0.0,0.0
25000000.0,91.0,2020.0,2020/8/27,"['Comedy', 'Science Fiction', 'Adventure']",5.9,26.681,122.0,54.0,"[100640, 106754, 106439, 20658, 8854, 11131, 187646, 41]",8.0,0.0,0.0,0.0,0.0,0.0,1.0,0.0,1.0,0.0,0.0,0.0,0.0,0.0,0.0,0.0,1.0,0.0,0.0,0.0
5000000.0,102.0,2020.0,2020/8/14,"['History', 'Drama']",5.876,19.453,61.0,28.0,"[48738, 2828, 52738, 90907, 1020, 98506]",8.0,0.0,0.0,0.0,0.0,1.0,0.0,0.0,1.0,0.0,0.0,0.0,0.0,0.0,0.0,0.0,1.0,0.0,0.0,0.0
50000000.0,102.0,2021.0,2021/10/13,"['Animation', 'Comedy', 'Family', 'Fantasy']",7.605,135.31,52.0,58.0,"[6125, 2]",10.0,1.0,0.0,0.0,1.0,1.0,0.0,0.0,0.0,0.0,0.0,0.0,0.0,0.0,0.0,1.0,0.0,0.0,0.0,0.0
30000000.0,127.0,2021.0,2021/10/29,"['Action', 'Thriller', 'Crime', 'Comedy']",6.845,60.258,57.0,35.0,"[78486, 114152, 91030]",10.0,1.0,0.0,0.0,0.0,1.0,0.0,0.0,0.0,0.0,1.0,0.0,0.0,0.0,0.0,0.0,0.0,0.0,0.0,0.0
20000000.0,105.0,2021.0,2021/10/14,"['Horror', 'Thriller']",6.5,45.962,48.0,47.0,"[3172, 14, 20848, 15822]",10.0,1.0,0.0,0.0,0.0,1.0,0.0,0.0,0.0,0.0,0.0,0.0,0.0,0.0,0.0,0.0,0.0,0.0,0.0,0.0
43000000.0,116.0,2021.0,2021/10/21,"['Mystery', 'Thriller', 'Horror']",7.34,43.165,58.0,30.0,"[6705, 10163, 131464, 214539]",10.0,0.0,0.0,0.0,0.0,1.0,0.0,1.0,0.0,0.0,0.0,1.0,0.0,0.0,0.0,0.0,0.0,0.0,0.0,0.0
17000000.0,99.0,2021.0,2021/10/28,"['Drama', 'Horror', 'Mystery']",6.25,42.551,56.0,28.0,"[127929, 423, 101082, 135164, 22213]",10.0,1.0,0.0,0.0,1.0,0.0,0.0,0.0,0.0,0.0,1.0,0.0,1.0,0.0,0.0,0.0,0.0,0.0,0.0,0.0
100000000.0,153.0,2021.0,2021/10/13,"['History', 'Drama', 'Action']",7.445,35.866,98.0,41.0,"[127928, 29313, 22213, 221347]",10.0,0.0,0.0,0.0,1.0,0.0,1.0,0.0,0.0,0.0,0.0,0.0,1.0,0.0,0.0,0.0,0.0,0.0,0.0,0.0
25000000.0,108.0,2021.0,2021/10/21,"['Drama', 'Comedy']",7.065,31.534,58.0,57.0,"[127929, 9350, 23449]",10.0,1.0,0.0,0.0,0.0,0.0,0.0,1.0,0.0,1.0,1.0,1.0,0.0,0.0,0.0,0.0,0.0,0.0,0.0,0.0
5000000.0,91.0,2021.0,2021/10/4,['Drama'],6.8,17.388,35.0,60.0,"[6427, 157314]",10.0,0.0,0.0,1.0,1.0,0.0,0.0,1.0,0.0,0.0,0.0,0.0,0.0,0.0,0.0,0.0,1.0,0.0,0.0,0.0
11900000.0,99.0,2021.0,2021/10/13,"['Family', 'Adventure', 'Drama']",7.476,16.561,48.0,46.0,"[793, 73974, 694, 11578, 9116, 104, 10611, 60843, 1115, 187073]",10.0,1.0,0.0,0.0,1.0,0.0,0.0,0.0,0.0,0.0,1.0,1.0,0.0,0.0,0.0,0.0,0.0,0.0,0.0,0.0
22000000.0,113.0,2020.0,2020/1/1,"['Action', 'Crime', 'Comedy']",7.68,95.323,72.0,46.0,"[14, 2900, 210118, 47729]",1.0,1.0,0.0,0.0,0.0,0.0,0.0,0.0,0.0,0.0,1.0,0.0,1.0,0.0,0.0,0.0,0.0,0.0,0.0,0.0
90000000.0,124.0,2020.0,2020/1/15,"['Thriller', 'Action', 'Crime']",7.129,86.009,89.0,49.0,"[5, 84792, 10288, 907]",1.0,1.0,0.0,0.0,0.0,0.0,1.0,0.0,0.0,0.0,0.0,0.0,0.0,0.0,0.0,0.0,1.0,0.0,0.0,0.0
175000000.0,101.0,2020.0,2020/1/2,"['Family', 'Comedy', 'Fantasy', 'Adventure']",6.621,67.44,82.0,59.0,"[33, 27467, 10338, 105052]",1.0,1.0,0.0,0.0,0.0,0.0,0.0,0.0,1.0,1.0,0.0,0.0,0.0,0.0,0.0,0.0,1.0,0.0,0.0,0.0
50000000.0,95.0,2020.0,2020/1/8,"['Horror', 'Science Fiction', 'Action', 'Adventure']",6.284,34.927,75.0,42.0,"[7076, 25, 22213]",1.0,0.0,0.0,0.0,1.0,0.0,1.0,0.0,0.0,0.0,0.0,0.0,0.0,0.0,0.0,0.0,0.0,0.0,0.0,0.0
18000000.0,99.0,2020.0,2020/1/9,"['Family', 'Action', 'Comedy']",6.9,29.478,58.0,38.0,"[47729, 36209, 103698]",1.0,0.0,0.0,0.0,0.0,1.0,1.0,0.0,0.0,0.0,0.0,0.0,0.0,0.0,0.0,1.0,0.0,0.0,0.0,0.0
5000000.0,86.0,2020.0,2020/1/24,"['Comedy', 'Crime']",6.189,27.28,27.0,34.0,"[1422, 91934, 7499]",1.0,0.0,0.0,0.0,0.0,0.0,0.0,0.0,0.0,0.0,1.0,0.0,0.0,0.0,0.0,0.0,0.0,0.0,0.0,0.0
14000000.0,94.0,2020.0,2020/1/23,"['Horror', 'Thriller']",5.8,27.054,40.0,24.0,"[7, 33, 829, 7294, 121685]",1.0,1.0,0.0,0.0,1.0,1.0,0.0,0.0,0.0,0.0,0.0,0.0,0.0,0.0,0.0,0.0,0.0,0.0,0.0,1.0
5000000.0,87.0,2020.0,2020/1/30,"['Fantasy', 'Horror', 'Mystery']",5.979,26.582,34.0,30.0,"[7625, 13240, 53152, 41, 129815, 21]",1.0,1.0,0.0,0.0,0.0,0.0,0.0,1.0,0.0,1.0,1.0,1.0,0.0,0.0,0.0,0.0,0.0,1.0,0.0,0.0
50000000.0,109.0,2020.0,2020/1/31,"['Action', 'Thriller']",5.5,22.801,32.0,31.0,"[7576, 104972, 20656, 290, 131913, 110799, 4]",1.0,0.0,0.0,0.0,0.0,0.0,1.0,0.0,0.0,0.0,1.0,0.0,0.0,0.0,0.0,0.0,1.0,0.0,0.0,0.0
10530000.0,128.0,2020.0,2020/1/29,"['Drama', 'History', 'Thriller']",6.1,21.318,85.0,47.0,"[51696, 11068, 30666, 11199, 83, 15433, 5162]",1.0,0.0,0.0,1.0,1.0,0.0,0.0,0.0,0.0,1.0,0.0,0.0,0.0,0.0,0.0,0.0,0.0,0.0,0.0,0.0
29000000.0,83.0,2020.0,2020/1/9,['Comedy'],6.297,20.821,69.0,48.0,"[106497, 4]",1.0,0.0,0.0,0.0,0.0,1.0,0.0,0.0,0.0,0.0,0.0,0.0,0.0,0.0,0.0,1.0,0.0,0.0,0.0,0.0
20000000.0,110.0,2020.0,2020/1/23,"['Drama', 'Action', 'War']",7.378,16.571,41.0,26.0,"[21897, 145719, 65649, 111793, 145720, 108353, 145721, 145722, 145723]",1.0,0.0,0.0,0.0,0.0,1.0,1.0,0.0,0.0,0.0,0.0,0.0,0.0,0.0,0.0,0.0,1.0,0.0,0.0,0.0
65000000.0,95.0,2020.0,2020/11/25,"['Animation', 'Family', 'Adventure', 'Fantasy', 'Comedy']",7.495,78.333,155.0,47.0,"[33, 521]",11.0,1.0,0.0,0.0,0.0,1.0,1.0,0.0,0.0,0.0,0.0,0.0,1.0,0.0,0.0,0.0,0.0,0.0,1.0,0.0
5000000.0,102.0,2020.0,2020/11/12,"['Comedy', 'Horror', 'Thriller']",6.6,52.212,43.0,35.0,"[33, 3172, 89115]",11.0,1.0,0.0,1.0,1.0,0.0,0.0,1.0,0.0,0.0,0.0,0.0,0.0,0.0,0.0,0.0,0.0,0.0,0.0,0.0
23000000.0,102.0,2020.0,2020/11/20,"['Action', 'Science Fiction', 'Fantasy']",4.9,35.48,155.0,34.0,"[141998, 138013, 147219]",11.0,0.0,0.0,0.0,0.0,0.0,1.0,0.0,0.0,0.0,0.0,0.0,0.0,0.0,0.0,0.0,1.0,0.0,0.0,0.0
25000000.0,132.0,2020.0,2020/11/13,"['Drama', 'History']",6.71,30.442,99.0,46.0,[145174],11.0,0.0,0.0,0.0,0.0,0.0,0.0,0.0,0.0,0.0,1.0,1.0,0.0,1.0,0.0,0.0,0.0,0.0,0.0,0.0
1700000.0,90.0,2020.0,2020/11/20,"['Thriller', 'Horror', 'Drama']",7.262,28.294,36.0,42.0,[146929],11.0,1.0,0.0,0.0,0.0,0.0,1.0,0.0,0.0,0.0,0.0,0.0,0.0,0.0,0.0,0.0,1.0,0.0,0.0,0.0
21000000.0,114.0,2020.0,2020/11/5,"['Drama', 'Thriller', 'Crime', 'Western']",6.824,19.06,114.0,52.0,"[69686, 10146]",11.0,0.0,0.0,0.0,0.0,1.0,0.0,0.0,0.0,0.0,1.0,0.0,0.0,0.0,0.0,0.0,0.0,0.0,0.0,0.0
200000000.0,125.0,2022.0,2022/10/19,"['Action', 'Adventure', 'Science Fiction']",6.95,136.692,76.0,53.0,"[12, 34081, 128064, 73669, 174]",10.0,1.0,0.0,0.0,0.0,1.0,0.0,0.0,0.0,0.0,0.0,0.0,0.0,0.0,0.0,1.0,0.0,0.0,0.0,0.0
250000.0,138.0,2022.0,2022/10/6,"['Horror', 'Thriller']",6.768,81.284,20.0,30.0,"[84591, 114220, 15157]",10.0,1.0,0.0,0.0,0.0,1.0,0.0,0.0,0.0,0.0,0.0,0.0,0.0,0.0,0.0,0.0,0.0,0.0,0.0,0.0
50000000.0,106.0,2022.0,2022/10/7,"['Comedy', 'Family', 'Music']",7.125,58.267,45.0,31.0,"[10400, 5]",10.0,1.0,0.0,0.0,0.0,0.0,1.0,0.0,1.0,0.0,0.0,0.0,0.0,0.0,0.0,0.0,1.0,0.0,0.0,0.0
20000000.0,111.0,2022.0,2022/10/12,"['Horror', 'Thriller']",6.135,52.492,48.0,54.0,"[33, 3172, 14, 20848, 15822]",10.0,1.0,0.0,0.0,1.0,1.0,0.0,0.0,0.0,0.0,0.0,0.0,0.0,0.0,0.0,1.0,0.0,0.0,0.0,0.0
20000000.0,114.0,2022.0,2022/10/20,"['Drama', 'Comedy']",7.452,27.625,65.0,52.0,"[127929, 2376, 6705, 22213]",10.0,1.0,0.0,0.0,0.0,0.0,1.0,0.0,1.0,0.0,0.0,0.0,0.0,0.0,0.0,0.0,1.0,0.0,0.0,0.0
20000000.0,131.0,2022.0,2022/10/14,"['Drama', 'History']",7.527,24.834,26.0,44.0,"[38666, 81273, 7576, 41]",10.0,0.0,0.0,0.0,0.0,0.0,1.0,0.0,1.0,0.0,0.0,0.0,0.0,0.0,0.0,0.0,1.0,0.0,0.0,0.0
15000000.0,114.0,2022.0,2022/10/28,['Drama'],6.534,20.559,194.0,33.0,"[30666, 146684, 19671, 73492, 10146]",10.0,0.0,0.0,0.0,0.0,1.0,0.0,0.0,0.0,0.0,0.0,0.0,0.0,0.0,0.0,0.0,1.0,0.0,0.0,0.0
17000000.0,115.0,2022.0,2022/9/23,"['Horror', 'Mystery', 'Thriller']",6.674,65.575,33.0,33.0,"[96540, 12292]",9.0,1.0,0.0,0.0,0.0,1.0,0.0,0.0,1.0,0.0,1.0,0.0,0.0,0.0,0.0,0.0,0.0,0.0,0.0,0.0
50000000.0,135.0,2022.0,2022/9/16,"['Action', 'Drama', 'History']",7.693,54.726,42.0,42.0,"[559, 64469, 8147, 173612, 207837]",9.0,1.0,0.0,0.0,0.0,1.0,1.0,0.0,1.0,0.0,0.0,0.0,0.0,0.0,0.0,0.0,0.0,0.0,0.0,0.0
4500000.0,103.0,2022.0,2022/9/8,"['Horror', 'Mystery', 'Thriller']",6.89,50.359,52.0,36.0,"[18609, 829, 508, 106754, 111475, 127928]",9.0,1.0,0.0,0.0,1.0,1.0,0.0,0.0,0.0,0.0,0.0,0.0,0.0,0.0,0.0,1.0,0.0,0.0,0.0,0.0
5000000.0,88.0,2022.0,2022/9/15,"['Horror', 'Thriller', 'Mystery']",5.473,49.206,46.0,64.0,"[149897, 6353, 68738, 5859, 207899]",9.0,1.0,0.0,0.0,0.0,1.0,0.0,0.0,0.0,0.0,0.0,0.0,0.0,1.0,0.0,0.0,0.0,0.0,0.0,0.0
1000000.0,102.0,2022.0,2022/9/16,"['Horror', 'Drama']",7.303,46.662,50.0,38.0,"[41077, 126587]",9.0,1.0,0.0,0.0,0.0,0.0,0.0,1.0,0.0,1.0,0.0,1.0,0.0,1.0,0.0,0.0,0.0,0.0,0.0,0.0
80000000.0,134.0,2022.0,2022/9/27,"['Mystery', 'Comedy', 'Drama']",6.061,39.859,96.0,40.0,"[124433, 19671, 178347, 490, 508]",9.0,0.0,0.0,0.0,0.0,1.0,0.0,0.0,0.0,0.0,1.0,0.0,0.0,0.0,0.0,0.0,0.0,0.0,0.0,0.0
35000000.0,123.0,2022.0,2022/9/21,"['Thriller', 'Mystery', 'Drama']",6.793,37.963,93.0,33.0,"[829, 12, 174]",9.0,1.0,1.0,0.0,0.0,1.0,0.0,0.0,0.0,0.0,1.0,0.0,0.0,0.0,0.0,0.0,0.0,0.0,0.0,0.0
23000000.0,126.0,2022.0,2022/9/8,"['Action', 'Drama', 'History']",7.041,37.635,84.0,55.0,"[185127, 76991, 194918, 221158, 221159, 221160, 55956, 63369]",9.0,0.0,1.0,0.0,0.0,0.0,0.0,0.0,0.0,0.0,1.0,0.0,0.0,0.0,0.0,0.0,0.0,0.0,0.0,0.0
35000000.0,158.0,2022.0,2022/9/23,"['Drama', 'Music']",7.106,35.494,7.0,0.0,"[10146, 716, 14654]",9.0,0.0,0.0,0.0,1.0,0.0,1.0,0.0,0.0,0.0,0.0,0.0,1.0,0.0,0.0,0.0,0.0,0.0,0.0,0.0
6500000.0,125.0,2022.0,2022/9/30,"['Adventure', 'Fantasy', 'Music', 'Family']",6.5,31.227,2.0,0.0,"[169950, 8987, 347, 173112, 115996]",9.0,0.0,0.0,0.0,0.0,0.0,0.0,0.0,0.0,0.0,1.0,0.0,0.0,0.0,0.0,0.0,0.0,0.0,0.0,0.0
15600000.0,147.0,2022.0,2022/9/18,"['Comedy', 'Drama']",7.097,29.866,33.0,20.0,"[104363, 288, 7970, 6505, 2801, 76888, 81121, 47416, 8483, 2999, 7281, 19771, 94, 11237, 20691, 178407]",9.0,1.0,0.0,0.0,0.0,0.0,0.0,0.0,1.0,0.0,1.0,0.0,1.0,0.0,0.0,0.0,0.0,0.0,0.0,0.0
20000000.0,104.0,2022.0,2022/9/8,"['Drama', 'Comedy', 'Romance']",6.54,28.978,71.0,39.0,"[1782, 2455, 10163, 33]",9.0,1.0,1.0,0.0,0.0,1.0,0.0,0.0,0.0,0.0,0.0,0.0,0.0,0.0,0.0,0.0,0.0,0.0,0.0,0.0
22000000.0,115.0,2022.0,2022/9/30,"['Comedy', 'Romance']",6.787,27.401,32.0,44.0,"[33, 10105, 23876]",9.0,0.0,0.0,1.0,0.0,0.0,0.0,1.0,0.0,0.0,1.0,0.0,0.0,0.0,0.0,0.0,0.0,0.0,0.0,0.0
5000000.0,96.0,2022.0,2022/9/2,"['Action', 'Crime', 'Thriller']",6.0,22.811,46.0,51.0,"[76991, 149070, 104678, 119056, 117761, 179981, 179982, 164800, 179983, 179986]",9.0,0.0,0.0,0.0,0.0,0.0,0.0,1.0,0.0,0.0,1.0,1.0,0.0,0.0,0.0,0.0,0.0,1.0,0.0,0.0
7000000.0,100.0,2022.0,2022/9/4,['Comedy'],6.117,19.709,17.0,36.0,"[16934, 121204]",9.0,0.0,1.0,0.0,0.0,1.0,0.0,0.0,0.0,0.0,0.0,0.0,0.0,1.0,0.0,0.0,0.0,0.0,0.0,0.0
40000000.0,99.0,2022.0,2022/9/9,"['Mystery', 'Comedy', 'Crime']",6.4,17.386,12.0,10.0,"[127929, 5654, 22213]",9.0,0.0,0.0,0.0,0.0,0.0,1.0,0.0,0.0,0.0,0.0,0.0,0.0,0.0,0.0,0.0,1.0,0.0,0.0,0.0
4600000.0,102.0,2022.0,2022/9/30,"['Drama', 'Romance']",6.5,6.607,36.0,64.0,"[5974, 11571]",9.0,0.0,0.0,0.0,0.0,0.0,1.0,0.0,1.0,0.0,0.0,0.0,0.0,0.0,0.0,0.0,1.0,0.0,0.0,0.0
110000000.0,115.0,2021.0,2021/8/11,"['Comedy', 'Adventure', 'Science Fiction']",7.511,93.621,109.0,42.0,"[27711, 2575, 104228, 125000, 127928]",8.0,1.0,0.0,1.0,0.0,0.0,0.0,0.0,1.0,0.0,0.0,0.0,0.0,0.0,0.0,0.0,0.0,0.0,0.0,0.0
26000000.0,86.0,2021.0,2021/8/9,"['Animation', 'Family', 'Adventure', 'Comedy']",7.4,75.984,33.0,24.0,"[71738, 2348, 4, 8649]",8.0,1.0,0.0,1.0,0.0,0.0,0.0,1.0,0.0,0.0,0.0,0.0,0.0,0.0,0.0,0.0,0.0,0.0,0.0,0.0
10000000.0,112.0,2021.0,2021/8/13,"['Drama', 'Music', 'Romance']",7.943,63.563,26.0,45.0,"[7460, 7981, 159430]",8.0,0.0,0.0,0.0,1.0,0.0,0.0,1.0,0.0,1.0,0.0,0.0,0.0,0.0,0.0,0.0,0.0,0.0,0.0,0.0
10000000.0,98.0,2021.0,2021/8/12,"['Thriller', 'Horror']",7.1,40.859,45.0,38.0,"[768, 11341, 17393, 125512, 3287]",8.0,1.0,0.0,1.0,1.0,0.0,0.0,1.0,0.0,0.0,0.0,0.0,0.0,0.0,0.0,0.0,0.0,0.0,0.0,0.0
25000000.0,91.0,2021.0,2021/8/25,"['Horror', 'Mystery', 'Thriller']",6.036,28.123,48.0,66.0,"[21, 88934, 13240, 33, 53152]",8.0,1.0,0.0,1.0,1.0,0.0,0.0,1.0,0.0,0.0,0.0,0.0,0.0,0.0,0.0,0.0,0.0,0.0,0.0,0.0
68000000.0,116.0,2021.0,2021/8/18,"['Mystery', 'Science Fiction']",6.6,27.373,98.0,48.0,"[7493, 11370, 103490, 174]",8.0,0.0,1.0,0.0,0.0,1.0,0.0,0.0,0.0,0.0,0.0,0.0,0.0,0.0,0.0,0.0,0.0,0.0,0.0,0.0
165000000.0,155.0,2021.0,2021/9/15,"['Science Fiction', 'Adventure']",7.791,604.622,120.0,31.0,[923],9.0,1.0,0.0,0.0,1.0,0.0,1.0,1.0,0.0,0.0,0.0,0.0,0.0,0.0,0.0,0.0,0.0,0.0,0.0,0.0
150000000.0,132.0,2021.0,2021/9/1,"['Action', 'Adventure', 'Fantasy']",7.56,100.597,42.0,43.0,[420],9.0,1.0,0.0,0.0,0.0,0.0,0.0,0.0,0.0,0.0,0.0,0.0,0.0,0.0,0.0,0.0,1.0,0.0,0.0,0.0
200000000.0,138.0,2021.0,2021/9/3,"['Action', 'Science Fiction', 'Adventure']",7.557,91.049,66.0,51.0,"[82819, 423, 125000]",9.0,0.0,0.0,0.0,0.0,1.0,0.0,0.0,0.0,0.0,0.0,0.0,1.0,0.0,0.0,0.0,0.0,0.0,0.0,0.0
110000000.0,97.0,2021.0,2021/9/30,"['Science Fiction', 'Action', 'Adventure']",6.805,83.709,84.0,50.0,"[5, 84041, 53462, 14439]",9.0,1.0,0.0,0.0,0.0,1.0,0.0,0.0,0.0,0.0,0.0,0.0,0.0,0.0,0.0,0.0,0.0,0.0,1.0,0.0
14000000.0,99.0,2021.0,2021/9/1,"['Romance', 'Drama']",7.074,76.131,41.0,35.0,"[6626, 107108, 88606, 158529, 107107]",9.0,1.0,0.0,0.0,0.0,1.0,0.0,0.0,0.0,0.0,0.0,0.0,0.0,0.0,0.0,0.0,0.0,0.0,0.0,0.0
301000000.0,163.0,2021.0,2021/9/29,"['Action', 'Adventure', 'Thriller']",7.377,73.798,103.0,44.0,"[7576, 21, 33]",9.0,1.0,0.0,1.0,1.0,0.0,0.0,1.0,0.0,0.0,0.0,0.0,0.0,0.0,0.0,0.0,0.0,0.0,0.0,0.0
40000000.0,111.0,2021.0,2021/9/1,['Horror'],6.803,41.931,58.0,37.0,"[12, 76907, 141525, 206855]",9.0,0.0,0.0,0.0,0.0,0.0,0.0,0.0,0.0,0.0,1.0,1.0,0.0,1.0,0.0,0.0,0.0,1.0,0.0,0.0
50000000.0,120.0,2021.0,2021/9/22,"['Crime', 'Drama']",6.37,41.921,61.0,46.0,"[7429, 12, 129036]",9.0,0.0,0.0,0.0,1.0,0.0,1.0,1.0,0.0,0.0,1.0,0.0,0.0,0.0,0.0,0.0,0.0,0.0,0.0,0.0
33000000.0,104.0,2021.0,2021/9/16,"['Drama', 'Western']",5.975,27.807,109.0,53.0,"[171, 16311]",9.0,0.0,0.0,1.0,1.0,0.0,0.0,1.0,0.0,0.0,0.0,0.0,0.0,0.0,0.0,0.0,0.0,0.0,0.0,0.0
27500000.0,137.0,2021.0,2021/9/24,['Drama'],6.305,23.783,66.0,40.0,"[33, 2527, 10338, 1778]",9.0,0.0,0.0,1.0,0.0,1.0,0.0,0.0,0.0,0.0,1.0,0.0,0.0,0.0,0.0,0.0,0.0,0.0,0.0,0.0
200000000.0,148.0,2021.0,2021/12/15,"['Action', 'Adventure', 'Science Fiction']",7.968,257.493,80.0,33.0,"[420, 84041, 5]",12.0,1.0,0.0,0.0,0.0,1.0,1.0,0.0,0.0,0.0,0.0,0.0,1.0,0.0,0.0,0.0,0.0,0.0,0.0,0.0
85000000.0,110.0,2021.0,2021/12/1,"['Animation', 'Family', 'Music', 'Comedy']",7.9,127.536,149.0,47.0,"[33, 6704]",12.0,1.0,1.0,0.0,0.0,1.0,0.0,0.0,0.0,0.0,0.0,0.0,1.0,0.0,0.0,0.0,0.0,0.0,0.0,0.0
100000000.0,131.0,2021.0,2021/12/22,"['Action', 'Comedy', 'Adventure', 'Thriller']",6.768,122.84,63.0,51.0,"[5374, 78995, 127928]",12.0,1.0,1.0,0.0,0.0,1.0,0.0,0.0,0.0,0.0,0.0,0.0,0.0,0.0,0.0,0.0,0.0,0.0,0.0,0.0
190000000.0,147.0,2021.0,2021/12/16,"['Science Fiction', 'Action', 'Adventure']",6.436,69.601,122.0,50.0,"[174, 79, 84764]",12.0,0.0,0.0,0.0,0.0,1.0,0.0,0.0,0.0,0.0,1.0,0.0,0.0,0.0,0.0,0.0,0.0,0.0,0.0,0.0
75000000.0,138.0,2021.0,2021/12/7,"['Comedy', 'Science Fiction', 'Drama']",7.106,60.072,91.0,52.0,[125055],12.0,0.0,0.0,0.0,1.0,0.0,1.0,0.0,0.0,0.0,0.0,0.0,1.0,0.0,0.0,0.0,0.0,0.0,0.0,0.0
60000000.0,150.0,2021.0,2021/12/2,"['Crime', 'Thriller', 'Drama']",6.996,39.107,61.0,51.0,"[127929, 101082]",12.0,0.0,1.0,0.0,0.0,1.0,0.0,0.0,0.0,0.0,0.0,0.0,0.0,0.0,0.0,0.0,0.0,0.0,0.0,0.0
100000000.0,156.0,2021.0,2021/12/8,"['Drama', 'Romance', 'Crime']",7.011,27.18,28.0,87.0,"[127928, 56, 22213]",12.0,0.0,0.0,0.0,1.0,1.0,0.0,0.0,0.0,0.0,0.0,0.0,0.0,0.0,0.0,1.0,0.0,0.0,0.0,0.0
20000000.0,124.0,2021.0,2021/12/17,"['Drama', 'Romance']",6.424,21.016,55.0,39.0,"[21, 10163, 13240, 53152]",12.0,0.0,0.0,0.0,1.0,0.0,0.0,1.0,0.0,1.0,0.0,0.0,0.0,0.0,0.0,0.0,0.0,0.0,0.0,0.0
1100000.0,130.0,2021.0,2021/12/10,"['Drama', 'Comedy']",6.749,20.408,25.0,25.0,"[7493, 88152]",12.0,1.0,0.0,0.0,0.0,0.0,0.0,0.0,0.0,1.0,1.0,1.0,0.0,0.0,0.0,0.0,0.0,1.0,0.0,0.0
20000000.0,100.0,2021.0,2021/12/17,"['Action', 'Thriller', 'Crime']",5.9,20.041,41.0,67.0,"[10405, 3604, 37765]",12.0,0.0,0.0,0.0,1.0,0.0,0.0,1.0,0.0,1.0,0.0,0.0,0.0,0.0,0.0,0.0,0.0,0.0,0.0,0.0
25000000.0,131.0,2021.0,2021/12/22,"['Drama', 'Romance']",7.0,11.595,52.0,22.0,"[102334, 1423, 13240, 5, 53152, 2510]",12.0,0.0,0.0,0.0,0.0,1.0,0.0,0.0,0.0,0.0,0.0,0.0,0.0,0.0,0.0,0.0,0.0,0.0,0.0,0.0
15000000.0,141.0,2021.0,2021/12/10,"['History', 'Drama', 'Action']",6.4,4.371,18.0,40.0,"[141082, 67994]",12.0,0.0,0.0,0.0,0.0,1.0,1.0,0.0,0.0,0.0,0.0,0.0,1.0,0.0,0.0,0.0,0.0,0.0,0.0,0.0
200000000.0,151.0,2020.0,2020/12/16,"['Action', 'Adventure', 'Fantasy']",6.447,91.399,78.0,44.0,"[174, 114152, 128064, 507]",12.0,0.0,1.0,0.0,0.0,1.0,1.0,0.0,1.0,0.0,0.0,0.0,0.0,0.0,0.0,0.0,0.0,0.0,0.0,0.0
150000000.0,101.0,2020.0,2020/12/25,"['Animation', 'Family', 'Comedy', 'Fantasy']",8.134,88.875,45.0,56.0,"[2, 3]",12.0,0.0,0.0,0.0,0.0,1.0,0.0,1.0,0.0,0.0,0.0,0.0,0.0,0.0,0.0,0.0,0.0,0.0,1.0,0.0
60000000.0,104.0,2020.0,2020/12/3,"['Action', 'Fantasy', 'Adventure']",6.605,45.68,82.0,56.0,"[7220, 47, 248, 81620, 882]",12.0,0.0,0.0,1.0,1.0,0.0,0.0,1.0,0.0,0.0,0.0,0.0,0.0,0.0,0.0,0.0,0.0,0.0,0.0,0.0
6000000.0,96.0,2020.0,2020/12/23,['Drama'],8.129,40.176,79.0,64.0,"[180147, 6705, 11778, 22153, 2564]",12.0,1.0,0.0,0.0,0.0,0.0,0.0,0.0,1.0,0.0,1.0,0.0,1.0,0.0,0.0,0.0,0.0,0.0,0.0,0.0
10000000.0,113.0,2020.0,2020/12/13,"['Thriller', 'Crime', 'Drama']",7.446,30.176,73.0,37.0,"[82968, 7493]",12.0,1.0,0.0,0.0,0.0,1.0,0.0,0.0,0.0,0.0,0.0,0.0,0.0,0.0,0.0,0.0,0.0,0.0,0.0,0.0
2500000.0,85.0,2020.0,2020/12/10,"['Thriller', 'Romance', 'Drama', 'Mystery']",6.3,19.75,33.0,36.0,"[136721, 23301, 2481, 47729]",12.0,0.0,0.0,0.0,0.0,0.0,1.0,0.0,0.0,0.0,1.0,0.0,0.0,0.0,0.0,0.0,1.0,0.0,0.0,0.0
38000000.0,118.0,2020.0,2020/12/25,"['Drama', 'Western', 'Adventure']",6.971,18.326,107.0,54.0,"[4171, 8875, 33, 10338]",12.0,0.0,0.0,1.0,0.0,0.0,0.0,1.0,0.0,1.0,0.0,1.0,0.0,0.0,0.0,0.0,0.0,1.0,0.0,0.0
250000000.0,162.0,2022.0,2022/11/9,"['Action', 'Adventure', 'Science Fiction']",7.136,132.585,40.0,39.0,[420],11.0,1.0,0.0,0.0,1.0,0.0,0.0,0.0,0.0,1.0,1.0,0.0,1.0,0.0,0.0,0.0,0.0,0.0,0.0,0.0
40000000.0,140.0,2022.0,2022/11/12,"['Comedy', 'Crime', 'Mystery']",7.044,100.657,7.0,0.0,[37871],11.0,0.0,0.0,0.0,1.0,1.0,0.0,0.0,0.0,0.0,0.0,0.0,0.0,0.0,0.0,0.0,0.0,0.0,0.0,1.0
40000000.0,151.0,2022.0,2022/11/11,['Drama'],7.649,67.892,65.0,34.0,"[56, 190543]",11.0,1.0,0.0,0.0,0.0,1.0,0.0,0.0,0.0,0.0,0.0,0.0,0.0,0.0,0.0,1.0,0.0,0.0,0.0,0.0
35000000.0,107.0,2022.0,2022/11/17,"['Comedy', 'Thriller', 'Horror']",7.193,66.99,63.0,41.0,"[125055, 127929, 4740, 22213]",11.0,1.0,0.0,0.0,0.0,1.0,0.0,0.0,0.0,0.0,1.0,0.0,0.0,0.0,0.0,0.0,0.0,0.0,0.0,0.0
180000000.0,102.0,2022.0,2022/11/23,"['Animation', 'Family', 'Adventure', 'Science Fiction', 'Fantasy']",6.364,60.465,100.0,41.0,"[2, 6125]",11.0,0.0,0.0,0.0,0.0,1.0,0.0,0.0,0.0,0.0,0.0,0.0,0.0,0.0,0.0,0.0,0.0,0.0,0.0,0.0
20000000.0,111.0,2022.0,2022/11/30,"['Action', 'Comedy', 'Crime', 'Fantasy']",7.4,59.683,52.0,61.0,"[121470, 33, 4234, 1778]",11.0,1.0,0.0,0.0,0.0,0.0,0.0,0.0,0.0,1.0,0.0,1.0,0.0,0.0,0.0,0.0,0.0,0.0,0.0,0.0
90000000.0,139.0,2022.0,2022/11/23,"['War', 'Drama', 'Action']",7.2,34.097,94.0,35.0,"[33681, 47729]",11.0,0.0,0.0,1.0,1.0,0.0,0.0,0.0,0.0,0.0,0.0,0.0,0.0,0.0,0.0,0.0,1.0,0.0,0.0,0.0
32000000.0,129.0,2022.0,2022/11/17,"['Drama', 'History']",7.263,26.48,73.0,47.0,"[81, 13184, 33, 1778]",11.0,0.0,0.0,1.0,1.0,0.0,0.0,1.0,0.0,0.0,0.0,0.0,0.0,0.0,0.0,0.0,0.0,0.0,0.0,0.0
100000000.0,136.0,2022.0,2022/11/25,"['Comedy', 'Drama']",5.6,22.718,61.0,67.0,"[437, 181486, 41077]",11.0,0.0,0.0,0.0,1.0,0.0,0.0,0.0,0.0,0.0,1.0,0.0,1.0,0.0,0.0,0.0,0.0,0.0,0.0,0.0
10000000.0,102.0,2022.0,2022/11/4,['Drama'],7.0,17.336,78.0,45.0,"[11752, 6705, 187663, 9987, 52059, 2680, 18230, 2801, 187664]",11.0,0.0,0.0,0.0,0.0,0.0,0.0,1.0,0.0,1.0,1.0,1.0,0.0,0.0,0.0,0.0,0.0,1.0,0.0,0.0
7000000.0,90.0,2022.0,2022/11/22,"['Family', 'Fantasy']",7.0,9.004,66.0,43.0,[],11.0,1.0,1.0,0.0,0.0,1.0,0.0,0.0,0.0,0.0,1.0,0.0,0.0,0.0,0.0,0.0,0.0,0.0,0.0,0.0
75000000.0,124.0,2021.0,2021/11/18,"['Fantasy', 'Comedy', 'Adventure']",7.402,179.369,71.0,39.0,"[5, 13240, 2364, 84042]",11.0,1.0,0.0,0.0,0.0,1.0,0.0,0.0,0.0,0.0,0.0,0.0,0.0,0.0,0.0,1.0,0.0,0.0,0.0,0.0
25000000.0,107.0,2021.0,2021/11/24,"['Horror', 'Science Fiction', 'Action']",5.977,76.931,66.0,34.0,"[47, 342, 3287, 7220, 248]",11.0,1.0,0.0,0.0,0.0,1.0,0.0,0.0,0.0,0.0,0.0,0.0,1.0,0.0,0.0,1.0,0.0,0.0,0.0,0.0
200000000.0,156.0,2021.0,2021/11/3,"['Science Fiction', 'Action', 'Adventure']",6.883,67.618,79.0,42.0,[420],11.0,1.0,0.0,0.0,0.0,1.0,0.0,0.0,0.0,0.0,0.0,0.0,0.0,0.0,0.0,1.0,0.0,0.0,0.0,0.0
160000000.0,118.0,2021.0,2021/11/4,"['Action', 'Comedy', 'Crime']",6.8,63.165,109.0,46.0,"[34081, 73669, 102182]",11.0,0.0,0.0,0.0,0.0,1.0,0.0,0.0,0.0,0.0,0.0,0.0,0.0,0.0,0.0,0.0,0.0,0.0,0.0,0.0
64000000.0,97.0,2021.0,2021/11/10,"['Family', 'Adventure', 'Comedy', 'Fantasy', 'Animation']",7.196,42.768,25.0,22.0,"[4, 8147, 114732, 30246, 7311]",11.0,1.0,0.0,0.0,0.0,1.0,0.0,0.0,0.0,0.0,0.0,0.0,0.0,0.0,0.0,1.0,0.0,0.0,0.0,0.0
40000000.0,133.0,2021.0,2021/11/26,"['Drama', 'Comedy', 'Romance']",6.981,38.575,42.0,38.0,"[21, 10146, 13240, 178]",11.0,0.0,0.0,0.0,1.0,1.0,0.0,1.0,0.0,1.0,0.0,0.0,0.0,0.0,0.0,0.0,0.0,0.0,0.0,0.0
50000000.0,144.0,2021.0,2021/11/18,"['Drama', 'History']",7.678,37.248,89.0,52.0,"[27497, 122771, 174, 907]",11.0,0.0,1.0,0.0,0.0,1.0,0.0,0.0,0.0,0.0,0.0,0.0,0.0,0.0,0.0,0.0,0.0,0.0,0.0,0.0
75000000.0,158.0,2021.0,2021/11/24,"['Drama', 'History', 'Crime']",6.608,30.115,64.0,54.0,"[21, 13240, 221347]",11.0,1.0,0.0,0.0,0.0,0.0,0.0,1.0,0.0,1.0,0.0,0.0,0.0,0.0,0.0,0.0,1.0,0.0,0.0,0.0
18000000.0,117.0,2021.0,2021/11/4,"['Drama', 'History']",6.835,20.417,75.0,49.0,"[7493, 1618, 28473, 21546, 187987]",11.0,0.0,0.0,0.0,0.0,1.0,0.0,0.0,0.0,0.0,0.0,0.0,0.0,0.0,0.0,1.0,0.0,0.0,0.0,0.0
8300000.0,109.0,2021.0,2021/11/19,['Drama'],7.25,19.051,42.0,35.0,[160472],11.0,0.0,0.0,0.0,0.0,0.0,0.0,0.0,0.0,0.0,0.0,0.0,0.0,0.0,0.0,0.0,1.0,0.0,0.0,0.0
11000000.0,98.0,2021.0,2021/11/12,"['Drama', 'History']",7.1,18.977,24.0,19.0,"[38227, 11667]",11.0,1.0,0.0,0.0,0.0,1.0,0.0,0.0,0.0,0.0,0.0,0.0,0.0,0.0,0.0,0.0,0.0,0.0,0.0,0.0
200000000.0,115.0,2020.0,2020/9/4,"['Adventure', 'Fantasy', 'Drama', 'Action']",6.9,74.474,52.0,64.0,"[2, 103698, 89254]",9.0,0.0,0.0,0.0,1.0,0.0,1.0,0.0,0.0,0.0,0.0,0.0,1.0,0.0,0.0,0.0,0.0,0.0,0.0,0.0
14000000.0,105.0,2020.0,2020/9/2,"['Romance', 'Drama']",7.191,70.32,39.0,27.0,"[6626, 2378, 140519, 107108]",9.0,1.0,0.0,0.0,0.0,1.0,1.0,0.0,0.0,0.0,0.0,0.0,0.0,0.0,0.0,1.0,0.0,0.0,0.0,0.0
1400000.0,80.0,2020.0,2020/9/25,"['Horror', 'Adventure', 'Fantasy']",5.4,34.886,21.0,7.0,"[151769, 125084, 20416, 152885, 199241]",9.0,0.0,0.0,1.0,1.0,0.0,0.0,1.0,0.0,0.0,1.0,0.0,0.0,0.0,0.0,0.0,0.0,0.0,0.0,0.0
35000000.0,130.0,2020.0,2020/9/25,"['Drama', 'History']",7.708,23.447,66.0,43.0,"[7, 2527]",9.0,0.0,0.0,1.0,0.0,0.0,1.0,0.0,0.0,0.0,0.0,0.0,0.0,0.0,0.0,0.0,1.0,0.0,0.0,0.0
15000000.0,105.0,2020.0,2020/9/2,['Horror'],6.279,22.428,43.0,42.0,"[1632, 72725]",9.0,0.0,0.0,0.0,0.0,0.0,0.0,1.0,0.0,1.0,0.0,1.0,0.0,0.0,0.0,0.0,0.0,1.0,0.0,0.0
3500000.0,93.0,2020.0,2020/9/14,['Drama'],6.519,22.309,106.0,44.0,"[89261, 92455, 100640, 128226, 37504, 89141, 109865, 8536, 147591, 8537]",9.0,0.0,0.0,0.0,0.0,0.0,1.0,0.0,1.0,0.0,0.0,0.0,0.0,0.0,0.0,0.0,1.0,0.0,0.0,0.0
568443.0,82.0,2020.0,2020/9/29,"['Action', 'Crime', 'Thriller']",5.7,15.035,50.0,58.0,"[92109, 87067]",9.0,0.0,0.0,1.0,1.0,0.0,0.0,0.0,0.0,0.0,0.0,0.0,0.0,0.0,0.0,0.0,0.0,0.0,0.0,0.0
7200000.0,97.0,2020.0,2020/9/16,"['Thriller', 'History', 'Drama']",6.0,11.839,49.0,45.0,"[110799, 435, 2147, 102842, 139260]",9.0,0.0,0.0,0.0,1.0,0.0,0.0,0.0,0.0,1.0,1.0,0.0,0.0,0.0,0.0,0.0,0.0,0.0,0.0,0.0
30000000.0,109.0,2020.0,2020/10/16,"['Comedy', 'Action', 'Adventure', 'Science Fiction']",7.318,38.623,44.0,44.0,[2575],10.0,0.0,0.0,0.0,0.0,1.0,0.0,0.0,0.0,1.0,0.0,0.0,0.0,0.0,0.0,0.0,1.0,0.0,0.0,0.0
2500000.0,104.0,2020.0,2020/10/2,"['Horror', 'Thriller', 'Science Fiction']",6.387,36.114,47.0,47.0,"[164, 16853, 119056, 806, 2520, 290, 114338, 157740]",10.0,0.0,0.0,0.0,0.0,0.0,0.0,1.0,0.0,1.0,0.0,1.0,0.0,0.0,0.0,0.0,0.0,1.0,0.0,0.0
12000000.0,103.0,2020.0,2020/10/26,"['Animation', 'Family', 'Adventure', 'Fantasy']",8.211,33.372,57.0,28.0,"[23948, 13351, 142984, 11776, 1898, 30280, 726, 104, 1923, 11620, 142985, 89705, 32853]",10.0,0.0,0.0,0.0,0.0,0.0,1.0,0.0,1.0,0.0,0.0,0.0,0.0,0.0,0.0,0.0,1.0,0.0,0.0,0.0
16000000.0,137.0,2020.0,2020/10/22,"['Horror', 'Mystery', 'Thriller']",6.1,32.086,31.0,39.0,"[122178, 6834, 25]",10.0,0.0,0.0,1.0,0.0,0.0,0.0,0.0,0.0,0.0,1.0,0.0,0.0,0.0,0.0,0.0,1.0,0.0,0.0,0.0
25000000.0,128.0,2020.0,2020/10/30,"['Science Fiction', 'Action']",6.1,28.492,36.0,49.0,"[135020, 76992, 114814, 120206]",10.0,0.0,0.0,0.0,0.0,0.0,1.0,0.0,0.0,0.0,0.0,0.0,0.0,0.0,0.0,0.0,1.0,0.0,0.0,0.0
20000000.0,100.0,2020.0,2020/10/19,"['Action', 'Comedy', 'Fantasy']",5.535,27.99,82.0,59.0,"[20848, 92336, 141496, 290, 18922, 171436]",10.0,0.0,1.0,0.0,0.0,1.0,0.0,0.0,0.0,0.0,0.0,0.0,0.0,0.0,0.0,0.0,0.0,0.0,0.0,0.0
18000000.0,94.0,2020.0,2020/10/28,"['Horror', 'Drama', 'Fantasy']",6.134,26.689,44.0,25.0,"[3172, 14440, 5]",10.0,0.0,0.0,0.0,0.0,0.0,1.0,0.0,0.0,0.0,0.0,0.0,0.0,0.0,0.0,0.0,0.0,0.0,0.0,0.0
17800000.0,100.0,2020.0,2020/10/15,"['Animation', 'Family', 'Adventure', 'Fantasy']",7.1,22.714,50.0,35.0,"[143396, 47, 111372, 143397, 100870]",10.0,0.0,0.0,0.0,0.0,0.0,0.0,0.0,0.0,0.0,0.0,0.0,0.0,0.0,0.0,0.0,0.0,0.0,0.0,0.0
9000000.0,96.0,2020.0,2020/10/28,"['Horror', 'Mystery', 'Thriller']",6.409,21.066,32.0,31.0,"[10146, 121685, 99132, 7, 7294]",10.0,0.0,0.0,0.0,0.0,0.0,0.0,0.0,0.0,0.0,0.0,0.0,0.0,0.0,0.0,0.0,0.0,0.0,0.0,0.0
1700000.0,95.0,2020.0,2020/10/29,"['Science Fiction', 'Comedy', 'Horror']",5.982,18.565,5.0,0.0,"[130106, 25884, 146149]",10.0,0.0,0.0,0.0,0.0,0.0,0.0,0.0,0.0,0.0,0.0,0.0,0.0,0.0,0.0,0.0,0.0,0.0,0.0,0.0
2000000.0,84.0,2020.0,2020/10/23,"['Horror', 'Thriller']",6.139,17.101,41.0,54.0,"[46453, 49959, 12142]",10.0,0.0,0.0,0.0,0.0,0.0,0.0,0.0,0.0,0.0,0.0,0.0,0.0,0.0,0.0,0.0,0.0,0.0,0.0,0.0
25000000.0,93.0,2020.0,2020/10/23,"['Romance', 'Drama']",7.858,15.065,33.0,36.0,"[8000, 10338]",10.0,0.0,0.0,0.0,0.0,0.0,0.0,0.0,0.0,0.0,0.0,0.0,0.0,0.0,0.0,0.0,0.0,0.0,0.0,0.0
1000000.0,98.0,2020.0,2020/10/21,['Thriller'],5.2,7.184,21.0,16.0,"[123232, 205007, 205008, 151331, 89123]",10.0,0.0,0.0,0.0,0.0,0.0,0.0,0.0,0.0,0.0,0.0,0.0,0.0,0.0,0.0,0.0,0.0,0.0,0.0,0.0
,,,,,,,,,,,,,1.0,,,,,,,1.0,1.0,,,,,,1.0,,
,,,,,,,,,,,,,,1.0,,1.0,,,,,,1.0,,,,,,,
,,,,,,,,,,,,1.0,,,1.0,,,,,,,,,,,,,1.0,
,,,,,,,,,,,,,,,1.0,,,,,1.0,,,,,,,,,
,,,,,,,,,,,,,,,,,1.0,1.0,1.0,,,,,,,1.0,,,
,,,,,,,,,,,,,,,,,1.0,,1.0,1.0,,,,,,,,,
